{
	"format_version": "1.8.0",
	"animations": {
		"animation.primarina.ground_idle": {
			"loop": true,
			"bones": {
				"body": {
					"rotation": [70, -7.5, 0],
					"position": [0, -24.75, "-1-0.1*math.sin(q.anim_time*90*1)"]
				},
				"torso_upper": {
					"rotation": ["-23.3908+1*math.cos(q.anim_time*90*1-30)", 0, -10.53703],
					"position": [0, "-0.1+0.1*math.sin(q.anim_time*90*1)", "-0.1+0.1*math.sin(q.anim_time*90*1)"]
				},
				"torso_upper2": {
					"rotation": ["-32.3262+1*math.sin(q.anim_time*90*1)", "0.1732-0.5*math.sin(q.anim_time*90*1)", 3.52813],
					"position": [0, "-0.1+0.1*math.sin(q.anim_time*90*1)", "-0.1+0.1*math.sin(q.anim_time*90*1)"]
				},
				"head": {
					"rotation": ["25.3058+1*math.sin(q.anim_time*90*1-80)", -3.8463, "0.6981+0.5*math.cos(q.anim_time*90*1-30)"]
				},
				"hair2": {
					"rotation": ["-2-2*math.cos(q.anim_time*90*2-50)", "2*math.sin(q.anim_time*90*1-20)", 0]
				},
				"hair4": {
					"rotation": ["9.8404+5*math.sin(q.anim_time*90*1+20)", -1.01737, 0.14969]
				},
				"hair5": {
					"rotation": [70.4565, "0.9549+2*math.sin(q.anim_time*90*2-20)", "-4.1553+2*math.sin(q.anim_time*90*2-20)"]
				},
				"arm_right": {
					"rotation": [33.24769, "-1.0707+1*math.sin(q.anim_time*90*1)", -61.34994],
					"position": [-0.03746, "0-0.2*math.sin(q.anim_time*90*1)", -0.20836]
				},
				"arm_right3": {
					"rotation": [-0.46018, -7.48597, "21.0278+2*math.sin(q.anim_time*90*1)"]
				},
				"arm_right4": {
					"rotation": [1.7928, 2.68385, "79.738-5*math.sin(q.anim_time*90*1)"]
				},
				"arm_left": {
					"rotation": [33.15559, "9.1856-1*math.sin(q.anim_time*90*1)", 58.97615],
					"position": [-0.06244, "0-0.2*math.sin(q.anim_time*90*1)", -0.34727]
				},
				"arm_left3": {
					"rotation": [-2.97027, 5.04479, "-4.8365-2*math.sin(q.anim_time*90*1)"]
				},
				"arm_left4": {
					"rotation": [1.63747, -2.68533, "-77.2328+5*math.sin(q.anim_time*90*1)"]
				},
				"torso_bottom": {
					"rotation": [-7.60299, 0.83717, "-11.1624+2*math.sin(q.anim_time*90*1-60)"]
				},
				"torso_bottom_ruff": {
					"rotation": [-27.5, 0, 0]
				},
				"tail": {
					"rotation": [13.87252, -3.04264, "12.1297+2*math.sin(q.anim_time*90*1+10)"]
				},
				"tail_ruff_front": {
					"rotation": ["45-3*math.sin(q.anim_time*90*1)", 0, 0]
				},
				"tail2": {
					"rotation": [8.50819, -1.40111, "27.4292+10*math.sin(q.anim_time*90*1-60)"]
				},
				"tail3": {
					"rotation": [-5.3564, -7.78166, "39.3568+5*math.sin(q.anim_time*90*2-60)"]
				},
				"tail_ruff_right": {
					"rotation": [22.2381, 20.67893, 1.03694]
				},
				"tail_ruff_left": {
					"rotation": [19.39944, -23.34868, 6.52476]
				},
				"tail_ruff_back": {
					"rotation": ["17.5+2*math.sin(q.anim_time*90*3)", 0, 0]
				},
				"tail_right": {
					"rotation": ["15+2*math.sin(q.anim_time*90*4+60)", 0, 0]
				},
				"tail_left": {
					"rotation": ["15+2*math.sin(q.anim_time*90*4)", 0, 0]
				},
				"neck": {
					"rotation": ["-22.1984+1*math.sin(q.anim_time*90*1-80)", 2.93381, "1.2191-1*math.cos(q.anim_time*90*1-30)"]
				},
				"hair3": {
					"rotation": ["-11.3283+5*math.sin(q.anim_time*90*2+20)", "-3.9137+10*math.sin(q.anim_time*90*1-50)", -5.98161]
				},
				"hair6": {
					"rotation": ["-70+3*math.sin(q.anim_time*90*2-50)", 0, "2*math.sin(q.anim_time*90*2-30)"]
				},
				"arm_right2": {
					"rotation": [-0.90956, "-19.9802-2*math.sin(q.anim_time*90*1)", 2.66022]
				},
				"arm_left2": {
					"rotation": [-0.78795, "17.4828+2*math.sin(q.anim_time*90*1)", -2.6212]
				},
				"hair_closed": {
					"rotation": ["2*math.sin(q.anim_time*90*1-80)", 0, "2*math.sin(q.anim_time*90*1-80)"]
				},
				"hair7": {
					"rotation": ["10+3*math.sin(q.anim_time*90*2-90)", "5*math.sin(q.anim_time*90*1-30)", 0]
				},
				"hair_end_middle": {
					"rotation": ["20+8*math.sin(q.anim_time*90*2-160)", 0, 0]
				},
				"shell": {
					"rotation": ["5+2*math.sin(q.anim_time*90*3)", 0, 0]
				},
				"hair_end_middle3": {
					"rotation": ["22.5+10*math.sin(q.anim_time*90*2-230)", 0, 0]
				},
				"wrist_left": {
					"rotation": [0, 0, "-40+2*math.sin(q.anim_time*90*1-20)"]
				},
				"fingers_left_rotation": {
					"rotation": [0, 0, "-17.5+4*math.sin(q.anim_time*90*1-150)"]
				},
				"wrist_right": {
					"rotation": [0, 0, "31-2*math.sin(q.anim_time*90*1-20)"]
				},
				"fingers_right_rotation": {
					"rotation": [0, 0, "18-4*math.sin(q.anim_time*90*1-150)"]
				},
				"tail4": {
					"rotation": ["27.0069+5*math.sin(q.anim_time*90*1-60)", -4.88523, 11.51986]
				},
				"hair8": {
					"rotation": ["25+8*math.sin(q.anim_time*90*2-120)", 0, 0]
				},
				"hair_end_middle2": {
					"rotation": ["20+5*math.sin(q.anim_time*90*2-190)", 0, 0]
				},
				"tail_ruff_front2": {
					"rotation": ["-10*math.sin(q.anim_time*90*1-60)", 0, 0]
				},
				"hair_open": {
					"scale": 0
				},
				"hair_end_left": {
					"rotation": [19.14311, 19.00703, 6.46445]
				},
				"hair_end_left2": {
					"rotation": [12.5, 0, 0]
				},
				"hair_end_left3": {
					"rotation": [25, 0, 0]
				},
				"hair_end_right": {
					"rotation": [13.45305, -17.06033, -4.02697]
				},
				"hair_end_right2": {
					"rotation": [22.5, 0, 0]
				},
				"hair_end_right3": {
					"rotation": [20, 0, 0]
				}
			}
		},
		"animation.primarina.battle_idle": {
			"loop": true,
			"bones": {
				"body": {
					"rotation": [70.21338, -25.76569, 3.08791],
					"position": [0.25, "-23.25+0.1*math.sin(q.anim_time*90*1)", "-1-0.1*math.sin(q.anim_time*90*1)"]
				},
				"torso_upper": {
					"rotation": ["-45.3576+1*math.cos(q.anim_time*90*1-30)", 3.53148, -3.28479],
					"position": [0, -0.1, "-0.1+0.1*math.sin(q.anim_time*90*1)"]
				},
				"torso_upper2": {
					"rotation": ["-28.0092+1*math.sin(q.anim_time*90*1)", "-2.6544-0.5*math.sin(q.anim_time*90*1)", -3.58777],
					"position": [0, "-0.1+0.1*math.sin(q.anim_time*90*1)", "-0.1+0.1*math.sin(q.anim_time*90*1)"]
				},
				"head": {
					"rotation": ["25.9611+1*math.sin(q.anim_time*90*1-80)", 11.60493, "-2.6284+0.5*math.cos(q.anim_time*90*1-30)"],
					"position": [0, 0, 0.5]
				},
				"hair2": {
					"rotation": ["-2.0334-2*math.cos(q.anim_time*90*2-50)", "-7.4876+2*math.sin(q.anim_time*90*1-20)", 0.43301]
				},
				"hair4": {
					"rotation": ["9.8706+6*math.sin(q.anim_time*90*1+20)", -3.3913, -0.63481]
				},
				"hair5": {
					"rotation": [75.5452, "-4.5837+2*math.sin(q.anim_time*90*2-20)", "-2.1634+2*math.sin(q.anim_time*90*2-20)"]
				},
				"arm_right": {
					"rotation": [122.70419, "-12.8405-2*math.sin(q.anim_time*90*1)", -59.48141],
					"position": [0.06244, -0.69917, -0.34727]
				},
				"arm_right3": {
					"rotation": [-3.86966, -15.14038, "13.081-4*math.sin(q.anim_time*90*1)"]
				},
				"arm_right4": {
					"rotation": [7.5657, "-12.9836+5*math.sin(q.anim_time*90*1)", "63.6061-7*math.sin(q.anim_time*90*1)"]
				},
				"arm_left": {
					"rotation": [123.57068, "13.5674+2*math.sin(q.anim_time*90*1)", 63.03483],
					"position": [-0.06244, -0.69917, -0.34727]
				},
				"arm_left3": {
					"rotation": [-2.7242, 15.42786, "-7.9111+4*math.sin(q.anim_time*90*1)"]
				},
				"arm_left4": {
					"rotation": [9.93663, "17.8763-5*math.sin(q.anim_time*90*1)", "-70.111+7*math.sin(q.anim_time*90*1)"]
				},
				"torso_bottom": {
					"rotation": [-13.94881, 1.76234, "-0.0425+2*math.sin(q.anim_time*90*1-60)"]
				},
				"torso_bottom_ruff": {
					"rotation": [-27.5, 0, 0]
				},
				"tail": {
					"rotation": [19.00358, "-7.1357-10*math.sin(q.anim_time*90*1+10)", "0.4686+10*math.sin(q.anim_time*90*1+10)"]
				},
				"tail_ruff_front": {
					"rotation": ["75-5*math.sin(q.anim_time*90*1)", 0, 0]
				},
				"tail2": {
					"rotation": [3.61734, -0.28285, "20.0121+10*math.sin(q.anim_time*90*1-60)"]
				},
				"tail3": {
					"rotation": ["2.1436+4*math.cos(q.anim_time*90*1-60)", -7.78166, "39.3568+5*math.sin(q.anim_time*90*1-90)"]
				},
				"tail_ruff_right": {
					"rotation": [22.2381, 20.67893, 1.03694]
				},
				"tail_ruff_left": {
					"rotation": [19.39944, -23.34868, 6.52476]
				},
				"tail_ruff_back": {
					"rotation": ["17.5+2*math.sin(q.anim_time*90*3)", 0, 0]
				},
				"tail_right": {
					"rotation": ["15+2*math.sin(q.anim_time*90*4+60)", 0, 0]
				},
				"tail_left": {
					"rotation": ["15+2*math.sin(q.anim_time*90*4)", 0, 0]
				},
				"neck": {
					"rotation": ["-4.2503+1*math.sin(q.anim_time*90*2-80)", 8.16763, "3.8448-1*math.cos(q.anim_time*90*1-30)"]
				},
				"hair3": {
					"rotation": ["-12.0922+5*math.sin(q.anim_time*90*2+20)", "-13.5748+10*math.sin(q.anim_time*90*1-50)", -3.28673]
				},
				"hair6": {
					"rotation": ["-80+9*math.sin(q.anim_time*90*2-50)", 0, "2*math.sin(q.anim_time*90*2-30)"]
				},
				"arm_right2": {
					"rotation": [-0.25246, "-9.2628-4*math.sin(q.anim_time*90*1)", 0]
				},
				"arm_left2": {
					"rotation": [-0.4155, "9.257+4*math.sin(q.anim_time*90*1)", -1.01319]
				},
				"hair_closed": {
					"rotation": ["5.0261+2*math.sin(q.anim_time*90*1-80)", -7.48945, "-0.3988+2*math.sin(q.anim_time*90*1-80)"]
				},
				"hair7": {
					"rotation": ["10+8*math.sin(q.anim_time*90*1-90)", "8*math.sin(q.anim_time*90*1-30)", 0]
				},
				"hair_end_middle": {
					"rotation": ["22.5+16*math.sin(q.anim_time*90*1-160)", 0, 0]
				},
				"shell": {
					"rotation": ["-14.974+2*math.sin(q.anim_time*90*3)", 0.57723, 0.7439]
				},
				"hair_end_middle3": {
					"rotation": ["20*math.sin(q.anim_time*90*2-230)", 0, 0]
				},
				"wrist_left": {
					"rotation": [-2.72935, "5.0478-6*math.sin(q.anim_time*90*1)", "-33.5904-2*math.sin(q.anim_time*90*1)"]
				},
				"fingers_left_rotation": {
					"rotation": [0, 0, "-50+4*math.sin(q.anim_time*90*1-30)"]
				},
				"wrist_right": {
					"rotation": [-2.19881, "-10.3718+6*math.sin(q.anim_time*90*1)", "25.7488+2*math.sin(q.anim_time*90*1)"]
				},
				"fingers_right_rotation": {
					"rotation": [0, 0, "55.5-4*math.sin(q.anim_time*90*1-30)"]
				},
				"hair8": {
					"rotation": ["17.5+12*math.sin(q.anim_time*90*1-120)", 0, 0]
				},
				"hair_end_middle2": {
					"rotation": ["20+16*math.sin(q.anim_time*90*2-190)", 0, 0]
				},
				"tail4": {
					"rotation": [0, 0, 32.5]
				},
				"hair_open": {
					"scale": 0
				},
				"hair_end_left2": {
					"rotation": [22.5, 0, 0]
				},
				"hair_end_left3": {
					"rotation": [17.5, 0, 0]
				},
				"hair_end_right": {
					"rotation": [15, 0, 0]
				},
				"hair_end_right2": {
					"rotation": [17.5, 0, 0]
				}
			}
		},
		"animation.primarina.ground_walk": {
			"loop": true,
			"animation_length": 4,
			"bones": {
				"body": {
					"rotation": [70, 0, 0],
					"position": [0, "-24.75-0.2*math.sin(q.anim_time*90*2)", "-1-4*math.sin(q.anim_time*90*2-30)"]
				},
				"torso_upper": {
					"rotation": ["-23.3908+10*math.cos(q.anim_time*90*2+40)", 0, 0],
					"position": [0, "-0.1+0.1*math.sin(q.anim_time*90*1)", "-0.1+0.1*math.sin(q.anim_time*90*1)"]
				},
				"torso_upper2": {
					"rotation": ["-15.3444+10*math.sin(q.anim_time*90*2)", "0.6619-0.5*math.sin(q.anim_time*90*1)", "-1.3002+2*math.sin(q.anim_time*90*2)"],
					"position": [0, "-0.1+0.1*math.sin(q.anim_time*90*1)", "-0.1+0.1*math.sin(q.anim_time*90*1)"]
				},
				"head": {
					"rotation": ["12.9383+10*math.sin(q.anim_time*90*2-90)", -2.81391, "-1.5827+0.5*math.cos(q.anim_time*90*1-30)"]
				},
				"hair2": {
					"rotation": ["-9.5-2*math.cos(q.anim_time*90*2-140)", "0+2*math.sin(q.anim_time*90*1-20)", 0]
				},
				"hair4": {
					"rotation": ["4.8404+10*math.sin(q.anim_time*90*1+20)+8*math.sin(q.anim_time*90*2-210)", -1.01737, 0.14969]
				},
				"hair5": {
					"rotation": [63.0662, "0.3977+2*math.sin(q.anim_time*90*2-20)", "-2.5947+2*math.sin(q.anim_time*90*2-20)"]
				},
				"arm_right": {
					"rotation": [40.50619, "-2.5178+40*math.sin(q.anim_time*90*2-50)", "-54.4872-20*math.sin(q.anim_time*90*2+40)"]
				},
				"arm_right3": {
					"rotation": [0, 0, "17.5+10*math.sin(q.anim_time*90*2+60)"]
				},
				"arm_right4": {
					"rotation": {
						"0.0": [-15.67, 30.93, 48.65],
						"0.125": [-24.00596, 33.31674, 51.57881],
						"0.7917": [-9.4469, 32.44111, 14.54148],
						"1.625": [5.06094, 26.48022, 51.33169],
						"1.75": [0.99506, 26.16552, 42.78157],
						"2.0": [-15.67, 30.93, 48.65],
						"2.125": [-24.00596, 33.31674, 51.57881],
						"2.7917": [-9.4469, 32.44111, 14.54148],
						"3.625": [5.06094, 26.48022, 51.33169],
						"3.75": [0.99506, 26.16552, 42.78157],
						"4.0": [-15.67, 30.93, 48.65]
					}
				},
				"arm_left": {
					"rotation": [40.31114, "2.8577-40*math.sin(q.anim_time*90*2-50)", "54.3955+20*math.sin(q.anim_time*90*2+40)"]
				},
				"arm_left3": {
					"rotation": [0, 0, "-17.5-10*math.sin(q.anim_time*90*2+60)"]
				},
				"arm_left4": {
					"rotation": {
						"0.0": [-15.67, -30.93, -48.65],
						"0.125": [-24.00596, -33.31674, -51.57881],
						"0.7917": [-9.4469, -32.44111, -14.54148],
						"1.625": [5.06094, -26.48022, -51.33169],
						"1.75": [0.99506, -26.16552, -42.78157],
						"2.0": [-15.67, -30.93, -48.65],
						"2.125": [-24.00596, -33.31674, -51.57881],
						"2.7917": [-9.4469, -32.44111, -14.54148],
						"3.625": [5.06094, -26.48022, -51.33169],
						"3.75": [0.99506, -26.16552, -42.78157],
						"4.0": [-15.67, -30.93, -48.65]
					}
				},
				"torso_bottom": {
					"rotation": ["-0.2278+2*math.sin(q.anim_time*90*2-60)", 0, "2*math.sin(q.anim_time*90*1-60)"]
				},
				"torso_bottom_ruff": {
					"rotation": [-27.5, 0, 0]
				},
				"tail": {
					"rotation": [11.56014, -3.50914, "-3.6853+10*math.sin(q.anim_time*90*2+10)"]
				},
				"tail_ruff_front": {
					"rotation": ["75-20*math.sin(q.anim_time*90*1)", 0, 0]
				},
				"tail2": {
					"rotation": [0.85543, -2.13473, "32.3776+20*math.sin(q.anim_time*90*2-90)"]
				},
				"tail3": {
					"rotation": ["5.3364+3*math.cos(q.anim_time*90*1-60)", -8.00077, "34.3138+5*math.sin(q.anim_time*90*2-140)"]
				},
				"tail_ruff_right": {
					"rotation": [22.2381, 20.67893, 1.03694]
				},
				"tail_ruff_left": {
					"rotation": [19.39944, -23.34868, 6.52476]
				},
				"tail_ruff_back": {
					"rotation": ["17.5+2*math.sin(q.anim_time*90*3)", 0, 0]
				},
				"tail_right": {
					"rotation": ["15+2*math.sin(q.anim_time*90*4+60)", 0, 0]
				},
				"tail_left": {
					"rotation": ["15+2*math.sin(q.anim_time*90*4)", 0, 0]
				},
				"neck": {
					"rotation": ["-22.1984+2*math.sin(q.anim_time*90*1-80)", 2.93381, "1.2191-1*math.cos(q.anim_time*90*1-30)"]
				},
				"hair3": {
					"rotation": ["-11.3283+2*math.sin(q.anim_time*90*2+20)+8*math.sin(q.anim_time*90*2-180)", "-3.9137+10*math.sin(q.anim_time*90*1-50)", -5.98161]
				},
				"hair6": {
					"rotation": ["-77.5+7*math.sin(q.anim_time*90*2-260)", 0, "2*math.sin(q.anim_time*90*2-30)"],
					"position": [0, -0.25, 0]
				},
				"arm_right2": {
					"rotation": ["-4.541+10*math.sin(q.anim_time*90*2+150)", "-18.926+15*math.sin(q.anim_time*90*2+40)", 11.55508]
				},
				"arm_left2": {
					"rotation": ["-4.541+10*math.sin(q.anim_time*90*2+150)", "18.926-15*math.sin(q.anim_time*90*2+40)", -11.55508]
				},
				"hair_closed": {
					"rotation": ["2*math.sin(q.anim_time*90*1-80)+6*math.sin(q.anim_time*90*2-120)", 0, "2*math.sin(q.anim_time*90*1-80)"]
				},
				"hair7": {
					"rotation": ["10+13*math.sin(q.anim_time*90*2-290)", "8*math.sin(q.anim_time*90*1-30)", 0]
				},
				"hair_end_middle": {
					"rotation": ["16*math.sin(q.anim_time*90*2-330)", 0, 0]
				},
				"shell": {
					"rotation": ["-2.5+2*math.sin(q.anim_time*90*7)", 0, 0]
				},
				"hair_end_middle3": {
					"rotation": ["20*math.sin(q.anim_time*90*2-390)", 0, 0]
				},
				"wrist_left": {
					"rotation": [-2.27804, 1.86909, "-27.7504-20*math.sin(q.anim_time*90*2+40)"]
				},
				"fingers_left_rotation": {
					"rotation": [0, 0, "-15+15*math.sin(q.anim_time*90*2+40)"]
				},
				"wrist_right": {
					"rotation": [-2.35736, -1.76797, "30.2496+20*math.sin(q.anim_time*90*2+40)"]
				},
				"fingers_right_rotation": {
					"rotation": [0, 0, "15-15*math.sin(q.anim_time*90*2+40)"]
				},
				"torso_ruff_front_left": {
					"rotation": ["-17.5+5*math.sin(q.anim_time*90*4+40)", 0, 0]
				},
				"torso_ruff_front_right": {
					"rotation": ["-17.5+5*math.sin(q.anim_time*90*4+40)", 0, 0]
				},
				"hair_crown": {
					"rotation": ["3*math.sin(q.anim_time*90*4+40)", 0, 0]
				},
				"tail4": {
					"rotation": [0, 0, "15*math.sin(q.anim_time*90*2-190)"]
				},
				"hair_crown2": {
					"rotation": ["2*math.sin(q.anim_time*90*8+40)", 0, 0]
				},
				"hair8": {
					"rotation": ["16*math.sin(q.anim_time*90*2-310)", 0, 0]
				},
				"hair_end_middle2": {
					"rotation": ["16*math.sin(q.anim_time*90*2-360)", 0, 0]
				},
				"hair_open": {
					"scale": 0
				}
			}
		},
		"animation.primarina.water_idle": {
			"loop": true,
			"animation_length": 4,
			"bones": {
				"body": {
					"rotation": ["27.5+1*math.sin(q.anim_time*90*1-50)+0.2*math.sin(q.anim_time*90*3-50)", 0, 0],
					"position": ["0.1*math.cos(q.anim_time*90*1)", "-24+1*math.sin(q.anim_time*90*1-40)", "1.25+0.3*math.cos(q.anim_time*90*1-40)"]
				},
				"torso_upper": {
					"rotation": [-2.5, 0, 0]
				},
				"torso_upper2": {
					"rotation": ["-17.5+5*math.cos(q.anim_time*90*1)", "1*math.cos(q.anim_time*90*2)", 0]
				},
				"head": {
					"rotation": ["22.5+2*math.sin(q.anim_time*90*1-20)", 0, 0]
				},
				"hair2": {
					"rotation": ["-11.5075-2*math.cos(q.anim_time*90*1-50)", "2*math.sin(q.anim_time*90*1-20)", -3.63498]
				},
				"hair4": {
					"rotation": ["-10.1596+10*math.sin(q.anim_time*90*1-60)", -1.01737, 0.14969]
				},
				"hair5": {
					"rotation": ["73.4601+3*math.sin(q.anim_time*90*1-90)", "-0.2773+2*math.sin(q.anim_time*90*1-20)", "2.5624+2*math.sin(q.anim_time*90*1-20)"]
				},
				"arm_right": {
					"rotation": ["22.8386+5*math.sin(q.anim_time*90*1)", "-17.6727-5*math.cos(q.anim_time*90*1)", "-41.8243-15*math.cos(q.anim_time*90*1)"]
				},
				"arm_right3": {
					"rotation": [0, "-10-10*math.sin(q.anim_time*90*1)", "-5-5*math.sin(q.anim_time*90*1)"]
				},
				"arm_right4": {
					"rotation": [-1.43455, 0, "-14.9743-25*math.sin(q.anim_time*90*1+50)"]
				},
				"arm_left": {
					"rotation": ["22.8386+5*math.sin(q.anim_time*90*1)", "17.6727+5*math.cos(q.anim_time*90*1)", "41.8243+15*math.cos(q.anim_time*90*1)"]
				},
				"arm_left3": {
					"rotation": [0, "10+10*math.sin(q.anim_time*90*1)", "5+5*math.sin(q.anim_time*90*1)"]
				},
				"arm_left4": {
					"rotation": [-1.43455, 0, "14.9743+25*math.sin(q.anim_time*90*1+50)"]
				},
				"torso_bottom": {
					"rotation": ["-5*math.sin(q.anim_time*90*1)", 0, "1*math.sin(q.anim_time*90*1)"],
					"position": [0, 0, -0.25]
				},
				"torso_bottom_ruff": {
					"rotation": [-22.5, 0, 0]
				},
				"tail": {
					"rotation": ["-5-5*math.sin(q.anim_time*90*1+40)", 0, 0]
				},
				"tail_ruff_front": {
					"rotation": [7.5, 0, 0]
				},
				"hair3": {
					"rotation": ["-19.188+5*math.sin(q.anim_time*90*1-30)", "2.035+10*math.sin(q.anim_time*90*1-50)", -2.12206],
					"position": [0, 0, -0.75]
				},
				"arm_right2": {
					"rotation": [0, 0, "-5-5*math.sin(q.anim_time*90*1-50)"]
				},
				"arm_left2": {
					"rotation": [0, 0, "5+5*math.sin(q.anim_time*90*1-50)"]
				},
				"tail2": {
					"rotation": ["-10*math.sin(q.anim_time*90*1)", 0, 0]
				},
				"tail3": {
					"rotation": ["-20*math.sin(q.anim_time*90*1)", 0, 0]
				},
				"tail_right": {
					"rotation": ["35*math.cos(q.anim_time*90*1+40)", 0, 0]
				},
				"tail_left": {
					"rotation": ["35*math.cos(q.anim_time*90*1+20)", 0, 0]
				},
				"neck": {
					"rotation": [-20, 0, 0]
				},
				"hair_closed": {
					"rotation": ["-5+2*math.sin(q.anim_time*90*1-80)", 0, "2*math.sin(q.anim_time*90*1-80)"]
				},
				"tail_ruff_back": {
					"rotation": [-5, 0, 0]
				},
				"hair6": {
					"rotation": ["-67.5+2*math.sin(q.anim_time*90*3-120)", 0, "2*math.sin(q.anim_time*90*2-30)"]
				},
				"hair7": {
					"rotation": ["7.5+10*math.sin(q.anim_time*90*2-150)", "5*math.sin(q.anim_time*90*2-30)", 0]
				},
				"fingers_left_rotation": {
					"rotation": [0, 0, "2.5+10*math.sin(q.anim_time*90*1+50)"],
					"position": ["-0.4-0.4*math.sin(q.anim_time*90*1+50)", 0, 0]
				},
				"fingers_right_rotation": {
					"rotation": [0, 0, "-2.5-10*math.sin(q.anim_time*90*1+50)"],
					"position": ["0.4+0.4*math.sin(q.anim_time*90*1+50)", 0, 0]
				},
				"hair8": {
					"rotation": ["15+10*math.sin(q.anim_time*90*2-180)", "5*math.sin(q.anim_time*90*2-60)", 0]
				},
				"hair_end_middle": {
					"rotation": ["20+16*math.sin(q.anim_time*90*1-160)", 0, 0]
				},
				"hair_end_middle2": {
					"rotation": ["25.0225+16*math.sin(q.anim_time*90*1-190)", 2.21174, 1.16571]
				},
				"hair_end_middle3": {
					"rotation": ["25+10*math.sin(q.anim_time*90*1-230)", 0, 0]
				},
				"hair_open": {
					"scale": 0
				},
				"hair_outer1": {
					"rotation": [20, 0, 0]
				},
				"hair_end_left2": {
					"rotation": [15, 0, 0]
				},
				"hair_end_left3": {
					"rotation": [15, 0, 0]
				},
				"hair_end_right": {
					"rotation": [7.5, 0, 0]
				},
				"hair_end_right2": {
					"rotation": [30, 0, 0]
				}
			}
		},
		"animation.primarina.water_swim": {
			"loop": true,
			"animation_length": 4,
			"bones": {
				"body": {
					"rotation": ["77.5+3*math.sin(q.anim_time*90*3)", 0, "-2*math.cos(q.anim_time*90*3)"],
					"position": [0, "-25.5+2*math.cos(q.anim_time*90*3)", "-6+2*math.cos(q.anim_time*90*3-80)"]
				},
				"torso_upper": {
					"rotation": ["20-2*math.cos(q.anim_time*90*3)", 0, 0]
				},
				"torso_upper2": {
					"rotation": ["-25-10*math.cos(q.anim_time*90*3+90)", 0, 0]
				},
				"head": {
					"rotation": ["-37.5-10*math.cos(q.anim_time*90*3-90)", 0, 0]
				},
				"hair2": {
					"rotation": ["-12.5+7*math.cos(q.anim_time*90*3-90)-10*math.cos(q.anim_time*90*3-20)", 0, 0]
				},
				"hair4": {
					"rotation": ["10+6*math.cos(q.anim_time*90*3-150)", "4*math.cos(q.anim_time*90*4-60)", 0],
					"position": [0, 0, 0]
				},
				"hair5": {
					"rotation": ["43+6*math.cos(q.anim_time*90*3-180)", "4*math.cos(q.anim_time*90*4-90)", 0]
				},
				"arm_right": {
					"rotation": ["10.655+10*math.cos(q.anim_time*90*3-60)", "2.1318-20*math.cos(q.anim_time*90*3-60)", "-40.8927-4*math.cos(q.anim_time*90*3-60)"]
				},
				"arm_right3": {
					"rotation": [0, 0, "-22.5-6*math.cos(q.anim_time*90*3-120)"]
				},
				"arm_right4": {
					"rotation": [-1.68956, -1.8429, -7.4728]
				},
				"arm_left": {
					"rotation": ["10.655+10*math.cos(q.anim_time*90*3-60)", "-2.1318+20*math.cos(q.anim_time*90*3-60)", "40.8927+4*math.cos(q.anim_time*90*3-60)"]
				},
				"arm_left3": {
					"rotation": [0, 0, "22.5+6*math.cos(q.anim_time*90*3-120)"]
				},
				"arm_left4": {
					"rotation": [-1.68956, 1.84293, 7.47282]
				},
				"torso_bottom": {
					"rotation": ["20-15*math.cos(q.anim_time*90*3)", 0, 0],
					"position": [0, 0, -1]
				},
				"torso_bottom_ruff": {
					"rotation": [-22.5, 0, 0]
				},
				"tail": {
					"rotation": ["-15*math.cos(q.anim_time*90*3-20)", 0, 0]
				},
				"tail_ruff_front": {
					"rotation": [20, 0, 0]
				},
				"arm_right2": {
					"rotation": [0, 0, "-15.8612-5*math.cos(q.anim_time*90*3-90)"]
				},
				"arm_left2": {
					"rotation": [0, 0, "15.8612+5*math.cos(q.anim_time*90*3-90)"]
				},
				"tail2": {
					"rotation": ["2.5-6*math.cos(q.anim_time*90*3-100)", 0, 0]
				},
				"neck": {
					"rotation": ["-25+5*math.cos(q.anim_time*90*3)", 0, 0]
				},
				"hair6": {
					"rotation": ["-32.5+10*math.cos(q.anim_time*90*3-210)", "4*math.cos(q.anim_time*90*4-120)", 0]
				},
				"tail3": {
					"rotation": ["-2.5-15*math.cos(q.anim_time*90*3-90)", 0, 0]
				},
				"tail_right": {
					"rotation": ["10-20*math.cos(q.anim_time*90*3-90)", 0, 0]
				},
				"tail_left": {
					"rotation": ["10-20*math.cos(q.anim_time*90*3-90)", 0, 0]
				},
				"shell": {
					"rotation": ["2*math.cos(q.anim_time*90*12-90)", 0, 0]
				},
				"hair_closed": {
					"rotation": ["-2.5+2*math.cos(q.anim_time*90*3-90)", 0, 0]
				},
				"hair3": {
					"rotation": ["10+5*math.cos(q.anim_time*90*3-120)", "2*math.cos(q.anim_time*90*4-30)", 0],
					"position": [0, 1.5, 0]
				},
				"hair7": {
					"rotation": ["12+13*math.cos(q.anim_time*90*3-240)", "4*math.cos(q.anim_time*90*4-150)", 0]
				},
				"tail_ruff_back": {
					"rotation": [-10, 0, 0]
				},
				"hair_crown": {
					"rotation": ["-5+2*math.sin(q.anim_time*90*8+40)", 0, 0]
				},
				"hair_crown2": {
					"rotation": ["3*math.sin(q.anim_time*90*8+0)", 0, 0]
				},
				"hand_left": {
					"rotation": [0, 0, "2*math.cos(q.anim_time*90*3-150)"]
				},
				"wrist_left": {
					"rotation": [0, 0, "10+8*math.cos(q.anim_time*90*3-150)"]
				},
				"fingers_left": {
					"rotation": [0, 0, "2.5-10*math.sin(q.anim_time*90*3+50)"],
					"position": ["-0.4-0.4*math.sin(q.anim_time*90*1+50)", 0, 0]
				},
				"hand_right": {
					"rotation": [0, 0, "-2*math.cos(q.anim_time*90*3-150)"]
				},
				"wrist_right": {
					"rotation": [0, 0, "-10-8*math.cos(q.anim_time*90*3-150)"]
				},
				"fingers_right": {
					"rotation": [0, 0, "-2.5+10*math.sin(q.anim_time*90*3+50)"],
					"position": ["0.4-0.4*math.sin(q.anim_time*90*1+50)", 0, 0]
				},
				"hair8": {
					"rotation": ["17.5+18*math.cos(q.anim_time*90*3-270)", "4*math.cos(q.anim_time*90*4-180)", 0]
				},
				"hair_end_middle": {
					"rotation": ["18*math.cos(q.anim_time*90*3-310)", "4*math.cos(q.anim_time*90*4-220)", 0]
				},
				"hair_end_middle2": {
					"rotation": ["23*math.cos(q.anim_time*90*3-340)", "-(6*math.cos(q.anim_time*90*4-250))", 0]
				},
				"hair_end_middle3": {
					"rotation": ["28*math.cos(q.anim_time*90*3-370)", "8*math.cos(q.anim_time*90*4-280)", 0]
				},
				"hair_open": {
					"scale": 0
				},
				"tail_ruff_left": {
					"rotation": [0, 0, 7.5]
				},
				"tail_ruff_right": {
					"rotation": [0, 0, -17.5]
				}
			}
		},
		"animation.primarina.hair_open": {
			"loop": true,
			"bones": {
				"hair_closed": {
					"scale": 0
				},
				"hair_open_left": {
					"rotation": [-10, 5, 0]
				},
				"hair_open_left2": {
					"rotation": [17.89807, 11.9128, -3.81397]
				},
				"hair_open_left3": {
					"rotation": [-27.5, 0, 0]
				},
				"hair_open_left4": {
					"rotation": [15, 0, 0]
				},
				"hair_open_left5": {
					"rotation": [-38.22267, 9.5144, 1.50224]
				},
				"hair_open_left6": {
					"rotation": [-31.28773, 18.4203, 7.92945]
				},
				"hair_open_left7": {
					"rotation": [25.76926, -13.5663, 6.46066]
				},
				"hair_open_right": {
					"rotation": [-10, -5, 0]
				},
				"hair_open_right2": {
					"rotation": [17.89807, -11.9128, 3.81397]
				},
				"hair_open_right3": {
					"rotation": [-27.5, 0, 0]
				},
				"hair_open_right4": {
					"rotation": [15, 0, 0]
				},
				"hair_open_right5": {
					"rotation": [-38.22267, -9.5144, -1.50224]
				},
				"hair_open_right6": {
					"rotation": [-31.28773, -18.4203, -7.92945]
				},
				"hair_open_right7": {
					"rotation": [25.76926, 13.5663, -6.46066]
				},
				"hair_open_left_top2": {
					"rotation": [-10, 0, 0]
				},
				"hair_open_left_top3": {
					"rotation": [-22.81179, 9.2319, 3.86032]
				},
				"hair_open_left_top4": {
					"rotation": [23.78773, 18.4203, -7.92945]
				},
				"hair_open_left_top5": {
					"rotation": [-20.88852, 16.4137, 6.15491]
				},
				"hair_open_left_bottom": {
					"rotation": [0, -5, 0]
				},
				"hair_open_left_bottom2": {
					"rotation": [11.32297, 7.5397, -2.26454]
				},
				"hair_open_left_bottom3": {
					"rotation": [-22.5, 0, 0]
				},
				"hair_open_left_bottom4": {
					"rotation": [-34.58859, 18.8294, 12.54707]
				},
				"hair_open_left_bottom5": {
					"rotation": [12.5, 27.5, 0]
				},
				"hair_open_left_bottom6": {
					"rotation": [15.91527, -19.291, 5.38152]
				},
				"hair_open_right_bottom": {
					"rotation": [0, 5, 0]
				},
				"hair_open_right_bottom2": {
					"rotation": [11.32297, -7.5397, 2.26454]
				},
				"hair_open_right_bottom3": {
					"rotation": [-22.5, 0, 0]
				},
				"hair_open_right_bottom4": {
					"rotation": [-34.58859, -18.8294, -12.54707]
				},
				"hair_open_right_bottom5": {
					"rotation": [12.5, -27.5, 0]
				},
				"hair_open_right_bottom6": {
					"rotation": [15.91527, 19.291, -5.38152]
				},
				"hair_open_right_top2": {
					"rotation": [-10, 0, 0]
				},
				"hair_open_right_top3": {
					"rotation": [-22.81179, -9.2319, -3.86032]
				},
				"hair_open_right_top4": {
					"rotation": [23.78773, -18.4203, 7.92945]
				},
				"hair_open_right_top5": {
					"rotation": [-20.88852, -16.4137, -6.15491]
				}
			}
		},
		"animation.primarina.cry": {
			"animation_length": 2,
			"bones": {
				"neck": {
					"rotation": {
						"0.0": {
							"post": [0, 0, 0],
							"lerp_mode": "catmullrom"
						},
						"0.25": {
							"post": [7.5, 0, 0],
							"lerp_mode": "catmullrom"
						},
						"1.4583": {
							"post": [-22.73582, 0, 0],
							"lerp_mode": "catmullrom"
						},
						"2.0": {
							"post": [0, 0, 0],
							"lerp_mode": "catmullrom"
						}
					}
				},
				"head": {
					"rotation": {
						"0.0": {
							"post": [0, 0, 0],
							"lerp_mode": "catmullrom"
						},
						"0.1667": {
							"post": [7.5, 0, 0],
							"lerp_mode": "catmullrom"
						},
						"0.5": {
							"post": [0.49447, 0.30795, 2.48097],
							"lerp_mode": "catmullrom"
						},
						"0.9167": {
							"post": [19.8, 0, 0],
							"lerp_mode": "catmullrom"
						},
						"1.3333": {
							"post": [-11.78333, 0, 0],
							"lerp_mode": "catmullrom"
						},
						"1.75": {
							"post": [7.5, 0, 0],
							"lerp_mode": "catmullrom"
						},
						"2.0": {
							"post": [0, 0, 0],
							"lerp_mode": "catmullrom"
						}
					}
				},
				"shell": {
					"rotation": {
						"0.0": {
							"post": [0, 0, 0],
							"lerp_mode": "catmullrom"
						},
						"0.7083": {
							"post": [14.99071, -0.52085, 0.04816],
							"lerp_mode": "catmullrom"
						},
						"2.0": {
							"post": [0, 0, 0],
							"lerp_mode": "catmullrom"
						}
					}
				},
				"hair_closed": {
					"rotation": {
						"0.0": {
							"post": [0, 0, 0],
							"lerp_mode": "catmullrom"
						},
						"0.3333": {
							"post": [-10, 0, 0],
							"lerp_mode": "catmullrom"
						},
						"0.75": {
							"post": [-8.79687, 0, 0],
							"lerp_mode": "catmullrom"
						},
						"1.4167": {
							"post": [-15, 0, 0],
							"lerp_mode": "catmullrom"
						},
						"2.0": {
							"post": [0, 0, 0],
							"lerp_mode": "catmullrom"
						}
					}
				},
				"hair3": {
					"rotation": {
						"0.0": {
							"post": [0, 0, 0],
							"lerp_mode": "catmullrom"
						},
						"0.7917": {
							"post": [-7.5, 0, 0],
							"lerp_mode": "catmullrom"
						},
						"1.125": {
							"post": [24.91, 0, 0],
							"lerp_mode": "catmullrom"
						},
						"1.625": {
							"post": [-8.06, 0, 0],
							"lerp_mode": "catmullrom"
						},
						"2.0": {
							"post": [0, 0, 0],
							"lerp_mode": "catmullrom"
						}
					}
				},
				"mouth": {
					"position": {
						"0.0": [0, 0, 0],
						"0.25": [0, 0, 0],
						"0.2917": [0, -0.1, 0],
						"1.25": [0, -0.1, 0],
						"1.2917": [0, 0, 0]
					}
				}
			},
			"sound_effects": {
				"0.2083": {
					"effect": "pokemon.primarina.cry"
				}
			}
		},
		"animation.primarina.sleep": {
			"loop": true,
			"animation_length": 4,
			"bones": {
				"body": {
					"rotation": [70, -15, 0],
					"position": [0, "-27.25+0.1*math.sin(q.anim_time*90*1+80)", 4]
				},
				"torso_upper": {
					"rotation": ["28.1945+0.1*math.sin(q.anim_time*90*1+80)", "3.5806+1*math.sin(q.anim_time*90*1+80)", -27.14908],
					"position": [0, -0.1, -0.1]
				},
				"torso_upper2": {
					"rotation": [-27.8583, 3.3439, -3.71097],
					"position": [0, -0.1, -0.1]
				},
				"head": {
					"rotation": ["-30.9768-2*math.sin(q.anim_time*90*1+20)", "-6.019-1*math.sin(q.anim_time*90*1+80)", 8.34744]
				},
				"hair2": {
					"rotation": ["-2-2*math.cos(q.anim_time*90*1-50)", "2*math.sin(q.anim_time*90*1-20)", 0]
				},
				"hair4": {
					"rotation": ["-0.0698+10*math.sin(q.anim_time*90*1+20)", -8.43893, -0.93663]
				},
				"hair5": {
					"rotation": ["-9.6385+7*math.sin(q.anim_time*90*1+40)", "-6.3993+2*math.sin(q.anim_time*90*1-20)", "0.5839+2*math.sin(q.anim_time*90*1-20)"]
				},
				"arm_right": {
					"rotation": [-69.62448, -32.65938, 13.30832],
					"position": [-0.03746, -0.7195, -0.20836]
				},
				"arm_right3": {
					"rotation": [3.8846, -54.59438, -3.02709]
				},
				"arm_right4": {
					"rotation": [-3.05683, 1.03521, -25.33162]
				},
				"arm_left": {
					"rotation": [-48.61558, 24.23136, 4.22743],
					"position": [-0.06244, -1.1992, -0.34727]
				},
				"arm_left3": {
					"rotation": [8.40992, 48.06749, -2.21952]
				},
				"arm_left4": {
					"rotation": [25.42375, -4.86599, -4.561]
				},
				"torso_bottom": {
					"rotation": ["18.4014-1*math.sin(q.anim_time*90*1+80)", 6.74162, -2.99145]
				},
				"torso_bottom_ruff": {
					"rotation": [-27.5, 0, 0]
				},
				"tail": {
					"rotation": [-15.52237, "-2.316+0.1*math.sin(q.anim_time*90*1+10)", "-1.1286+2*math.sin(q.anim_time*90*1+10)"]
				},
				"tail_ruff_front": {
					"rotation": [75, 0, 0]
				},
				"tail2": {
					"rotation": [7.13231, -4.85697, "43.5704+2*math.sin(q.anim_time*90*1+40)"]
				},
				"tail3": {
					"rotation": [-2.8564, -7.78166, "35.0267+1*math.sin(q.anim_time*90*1+80)"]
				},
				"tail_ruff_right": {
					"rotation": [22.2381, 20.67893, 1.03694]
				},
				"tail_ruff_left": {
					"rotation": [19.39944, -23.34868, 6.52476]
				},
				"tail_ruff_back": {
					"rotation": [-57.5, 0, 0]
				},
				"tail_right": {
					"rotation": [-8.26795, 0, 0]
				},
				"tail_left": {
					"rotation": [-12.5, 0, 0]
				},
				"neck": {
					"rotation": ["-4.0884+1*math.sin(q.anim_time*90*1+20)", 2.31038, 0.11748]
				},
				"hair3": {
					"rotation": ["-19.2987+5*math.sin(q.anim_time*90*1+20)", "-8.5384+10*math.sin(q.anim_time*90*1-50)", -4.02329],
					"position": [0, 1, 0]
				},
				"hair6": {
					"rotation": ["-27.1725+9*math.sin(q.anim_time*90*1-50)", 3.08434, "12.1194+2*math.sin(q.anim_time*90*1-30)"]
				},
				"arm_right2": {
					"rotation": [-3.93807, -77.45383, 6.19372]
				},
				"arm_left2": {
					"rotation": [-4.31338, 79.95648, -6.63199]
				},
				"hair_closed": {
					"rotation": ["-7.5+2*math.sin(q.anim_time*90*1-80)", 0, "0+2*math.sin(q.anim_time*90*1-80)"]
				},
				"hair7": {
					"rotation": ["10+13*math.sin(q.anim_time*90*1-90)", "8*math.sin(q.anim_time*90*1-30)", 0]
				},
				"hair_end_middle": {
					"rotation": ["16*math.sin(q.anim_time*90*1-160)", 0, 0]
				},
				"shell": {
					"rotation": [-14.88546, -1.87544, -0.76923]
				},
				"hair_end_middle3": {
					"rotation": ["20*math.sin(q.anim_time*90*1-230)", 0, 0]
				},
				"eyelid_right": {
					"position": [-0.1, 0, -0.1]
				},
				"eyelid_left": {
					"position": [0.1, 0, -0.1]
				},
				"wrist_left": {
					"rotation": [7.5, 0, 0]
				},
				"fingers_left_rotation": {
					"rotation": [0, 0, 5]
				},
				"wrist_right": {
					"rotation": [0, 0, -15],
					"position": [0.5, 0, 0]
				},
				"fingers_right_rotation": {
					"rotation": [0, 0, -40]
				},
				"tail_ruff_front2": {
					"rotation": [-30, 0, 0]
				},
				"hair8": {
					"rotation": ["16*math.sin(q.anim_time*90*1-120)", 0, 0]
				},
				"hair_end_middle2": {
					"rotation": ["16*math.sin(q.anim_time*90*1-190)", 0, 0]
				},
				"hair_open": {
					"scale": 0
				}
			}
		},
		"animation.primarina.faint": {
			"animation_length": 3,
			"bones": {
				"body": {
					"rotation": {
						"0.0": [70, -15, 0],
						"0.25": {
							"pre": [75, -15, 0],
							"post": [75, -15, 0],
							"lerp_mode": "catmullrom"
						},
						"0.4583": {
							"post": [72.96501, -15.95101, -2.39908],
							"lerp_mode": "catmullrom"
						},
						"0.7917": {
							"post": [52.5, -15, 0],
							"lerp_mode": "catmullrom"
						},
						"1.125": {
							"post": [52.5, -15, 0],
							"lerp_mode": "catmullrom"
						},
						"1.4583": {
							"post": [52.5, -15, 0],
							"lerp_mode": "catmullrom"
						},
						"1.6667": {
							"post": [66.02299, -9.741, 43.12821],
							"lerp_mode": "catmullrom"
						},
						"1.7917": {
							"post": [75.18497, -8.35467, 66.07444],
							"lerp_mode": "catmullrom"
						},
						"1.8333": {
							"post": [75.10186, -3.06005, 88.22937],
							"lerp_mode": "catmullrom"
						},
						"1.9167": {
							"post": [75.10186, -3.06005, 80.72937],
							"lerp_mode": "catmullrom"
						},
						"1.9583": [75.10186, -3.06005, 88.22937],
						"2.0": [75.12263, -0.64395, 87.58677],
						"2.0833": [74.83762, -1.11248, 95.47725]
					},
					"position": {
						"0.0": [0, -24.75, -1],
						"0.25": {
							"pre": [0, -25.75, -1],
							"post": [0, -25.75, -1],
							"lerp_mode": "catmullrom"
						},
						"0.7917": {
							"post": [0, -22, -1],
							"lerp_mode": "catmullrom"
						},
						"1.4583": {
							"post": [-2.75, -22, -1],
							"lerp_mode": "catmullrom"
						},
						"1.8333": {
							"post": [1, -28.25, -1],
							"lerp_mode": "catmullrom"
						},
						"1.875": {
							"post": [1, -28.5, -1],
							"lerp_mode": "catmullrom"
						},
						"1.9167": {
							"post": [1, -27.75, -1],
							"lerp_mode": "catmullrom"
						},
						"1.9583": [1, -28.5, -1]
					}
				},
				"torso_upper": {
					"rotation": {
						"0.0": [-22.52477, 0.76766, -10.53703],
						"0.3333": {
							"pre": [-15.47932, 0.76766, -10.53703],
							"post": [-15.47932, 0.76766, -10.53703],
							"lerp_mode": "catmullrom"
						},
						"0.9167": {
							"post": [-37.52477, 0.76766, -10.53703],
							"lerp_mode": "catmullrom"
						},
						"1.375": {
							"post": [-11.49801, 3.67421, -37.57681],
							"lerp_mode": "catmullrom"
						},
						"1.6667": {
							"post": [-32.37262, 3.99895, -48.73253],
							"lerp_mode": "catmullrom"
						},
						"1.875": {
							"post": [-38.37812, 7.96734, -8.67619],
							"lerp_mode": "catmullrom"
						},
						"1.9583": [-37.20425, -5.30827, -18.49068],
						"2.125": [-37.58454, -3.19492, -7.4925]
					},
					"position": [0, -0.1, -0.1]
				},
				"torso_upper2": {
					"rotation": {
						"0.0": [-32.8583, 3.3439, -3.71097],
						"0.5": {
							"pre": [-21.07259, 3.3439, -3.71097],
							"post": [-21.07259, 3.3439, -3.71097],
							"lerp_mode": "catmullrom"
						},
						"0.75": {
							"post": [-33.38625, 3.3439, -3.71097],
							"lerp_mode": "catmullrom"
						},
						"0.9167": {
							"post": [-35.32085, 3.3439, -3.71097],
							"lerp_mode": "catmullrom"
						},
						"1.0833": {
							"post": [-23.21699, 3.3439, -3.71097],
							"lerp_mode": "catmullrom"
						},
						"1.25": {
							"post": [-29.44646, 3.3439, -3.71097],
							"lerp_mode": "catmullrom"
						},
						"1.375": {
							"post": [-21.49356, 3.3439, -3.71097],
							"lerp_mode": "catmullrom"
						},
						"1.4583": [-20.3583, 3.3439, -3.71097],
						"1.625": [-20.43714, -2.79744, -20.10603],
						"1.8333": [-20.3583, 3.3439, -3.71097]
					},
					"position": [0, -0.1, -0.1]
				},
				"head": {
					"rotation": {
						"0.0": [24.32099, -3.8463, 1.13111],
						"0.25": {
							"pre": [35.40888, -6.73324, 3.87521],
							"post": [35.40888, -6.73324, 3.87521],
							"lerp_mode": "catmullrom"
						},
						"0.5": {
							"post": [44.45349, -2.81391, -1.14969],
							"lerp_mode": "catmullrom"
						},
						"0.8333": {
							"post": [6.40418, -10.11376, 16.24549],
							"lerp_mode": "catmullrom"
						},
						"1.5": {
							"post": [5.92755, -4.76264, 14.70298],
							"lerp_mode": "catmullrom"
						},
						"1.9167": {
							"post": [-4.22167, 15.91828, -32.1592],
							"lerp_mode": "catmullrom"
						},
						"2.0417": {
							"post": [4.81061, -13.90928, -20.92392],
							"lerp_mode": "catmullrom"
						},
						"2.2083": {
							"post": [5.05628, -19.50585, -13.93225],
							"lerp_mode": "catmullrom"
						},
						"2.8333": [2.55628, -19.50585, -13.93225]
					}
				},
				"hair4": {
					"rotation": {
						"0.0": {
							"post": [13.2606, -1.01737, 0.14969],
							"lerp_mode": "catmullrom"
						},
						"0.3333": {
							"post": [-14.52379, -1.71158, -5.96372],
							"lerp_mode": "catmullrom"
						},
						"0.6667": {
							"post": [10.77411, -1.64862, -9.07211],
							"lerp_mode": "catmullrom"
						},
						"1.0417": {
							"post": [-12.26197, -1.41731, -12.76204],
							"lerp_mode": "catmullrom"
						},
						"1.2917": {
							"post": [-6.44433, -1.26227, -15.36847],
							"lerp_mode": "catmullrom"
						},
						"1.5417": {
							"post": [13.87425, -2.99319, -17.25002],
							"lerp_mode": "catmullrom"
						},
						"1.875": {
							"post": [-13.17507, -17.84957, -15.13797],
							"lerp_mode": "catmullrom"
						},
						"2.5417": [-20.26377, -4.07498, -1.46344]
					},
					"position": [0, -0.25, 0.75]
				},
				"hair5": {
					"rotation": {
						"0.0": {
							"post": [-21.14104, 4.33276, 33.97006],
							"lerp_mode": "catmullrom"
						},
						"0.4167": {
							"post": [-39.19826, 3.31389, 24.69762],
							"lerp_mode": "catmullrom"
						},
						"0.75": {
							"post": [2.26146, 2.04031, 13.10708],
							"lerp_mode": "catmullrom"
						},
						"1.1667": {
							"post": [-45.14394, -0.54316, 4.34338],
							"lerp_mode": "catmullrom"
						},
						"2.5417": {
							"post": [-15.12207, -12.04111, 17.68575],
							"lerp_mode": "catmullrom"
						},
						"3.0": {
							"post": [-14.81952, -9.04426, 30.64881],
							"lerp_mode": "catmullrom"
						}
					}
				},
				"arm_right": {
					"rotation": {
						"0.0": [33.0034, 4.4039, -69.72506],
						"0.9167": {
							"pre": [-135.65244, -26.89606, -27.37418],
							"post": [-135.65244, -26.89606, -27.37418],
							"lerp_mode": "catmullrom"
						},
						"1.2083": {
							"post": [-135.65244, -26.89606, -27.37418],
							"lerp_mode": "catmullrom"
						},
						"1.5417": {
							"post": [-68.23333, 37.17815, -4.78291],
							"lerp_mode": "catmullrom"
						},
						"1.75": {
							"post": [-22.03851, 12.33993, 3.58562],
							"lerp_mode": "catmullrom"
						},
						"1.9583": {
							"post": [-6.98946, -21.80373, -69.59401],
							"lerp_mode": "catmullrom"
						},
						"2.0417": {
							"post": [-8.93707, -21.1105, -64.27324],
							"lerp_mode": "catmullrom"
						},
						"2.125": [-5.98846, -22.08631, -72.27206]
					},
					"position": [-0.03746, 0, -0.20836]
				},
				"arm_right3": {
					"rotation": {
						"0.0": [-2.2671, -7.15104, 35.1416],
						"0.2083": [-1.66707, -7.04331, 31.39303],
						"0.4583": {
							"pre": [-0.19341, -7.10152, 19.63472],
							"post": [-0.19341, -7.10152, 19.63472],
							"lerp_mode": "catmullrom"
						},
						"0.5417": {
							"post": [-0.06899, -6.86656, 17.98994],
							"lerp_mode": "catmullrom"
						},
						"1.1667": {
							"post": [6.80425, -3.16221, -47.68796],
							"lerp_mode": "catmullrom"
						},
						"1.5417": {
							"post": [1.01367, -7.43652, 9.17265],
							"lerp_mode": "catmullrom"
						},
						"1.7917": {
							"post": [0.98448, -7.4355, 9.93611],
							"lerp_mode": "catmullrom"
						},
						"2.2917": [3.76614, -6.49055, -12.71354]
					}
				},
				"arm_left": {
					"rotation": {
						"0.0": [50.49259, 8.9327, 68.77139],
						"0.6667": {
							"pre": [-200.80076, 14.5242, -24.33016],
							"post": [-200.80076, 14.5242, -24.33016],
							"lerp_mode": "catmullrom"
						},
						"1.4583": {
							"post": [-187.57958, 27.74936, 49.09537],
							"lerp_mode": "catmullrom"
						},
						"1.6667": {
							"post": [-231.01022, 30.05338, 28.62291],
							"lerp_mode": "catmullrom"
						},
						"1.8333": [-166.81902, 34.67861, 74.17254]
					},
					"position": [-0.06244, 0, -0.34727]
				},
				"arm_left3": {
					"rotation": {
						"0.0": [-5.91413, 7.04381, -22.80054],
						"0.4583": [4.46204, 4.66605, 22.59799],
						"0.9167": {
							"pre": [2.57778, 2.16363, 2.37951],
							"post": [2.57778, 2.16363, 2.37951],
							"lerp_mode": "catmullrom"
						},
						"1.3333": {
							"post": [2.57778, 2.16363, 2.37951],
							"lerp_mode": "catmullrom"
						},
						"1.5417": {
							"post": [2.57778, 2.16363, 2.37951],
							"lerp_mode": "catmullrom"
						},
						"1.6667": {
							"post": [1.42044, 3.04726, -22.63149],
							"lerp_mode": "catmullrom"
						},
						"1.7917": [2.37948, 2.38, -2.61974]
					}
				},
				"torso_bottom": {
					"rotation": {
						"0.0": [-7.42932, 6.80937, -10.54395],
						"0.9167": {
							"pre": [-16.537, 6.74162, -2.99145],
							"post": [-16.537, 6.74162, -2.99145],
							"lerp_mode": "catmullrom"
						},
						"1.3333": {
							"post": [-17.8062, 0.78125, -22.13302],
							"lerp_mode": "catmullrom"
						},
						"1.625": {
							"post": [-16.64482, -16.87431, 5.83838],
							"lerp_mode": "catmullrom"
						},
						"1.7917": [-15.16257, 9.47941, 6.72486]
					}
				},
				"tail": {
					"rotation": {
						"0.0": [14.19587, -2.89882, -4.37702],
						"0.875": {
							"pre": [58.64706, -5.25998, 0.77736],
							"post": [58.64706, -5.25998, 0.77736],
							"lerp_mode": "catmullrom"
						},
						"1.4167": {
							"post": [48.76657, -19.96563, 17.60269],
							"lerp_mode": "catmullrom"
						},
						"1.8333": {
							"post": [-15.20549, 3.39725, -8.24922],
							"lerp_mode": "catmullrom"
						},
						"2.0": {
							"post": [2.87, -1.80073, -2.84027],
							"lerp_mode": "catmullrom"
						},
						"2.3333": {
							"post": [13.87, -1.80073, -2.84027],
							"lerp_mode": "catmullrom"
						},
						"2.75": [16.79451, 3.39725, -8.24922]
					},
					"position": {
						"0.0": [0, 0, 0],
						"0.875": [0.5, 0, 0]
					}
				},
				"tail_ruff_front": {
					"rotation": [75, 0, 0]
				},
				"tail2": {
					"rotation": {
						"0.0": [7.13231, -4.85697, 43.57045],
						"0.7917": {
							"pre": [6.30638, -4.89085, 47.10084],
							"post": [6.30638, -4.89085, 47.10084],
							"lerp_mode": "catmullrom"
						},
						"1.5": {
							"post": [4.09036, 0.1934, 49.4463],
							"lerp_mode": "catmullrom"
						},
						"1.875": {
							"post": [-19.01867, 1.55482, -0.41827],
							"lerp_mode": "catmullrom"
						},
						"2.0": {
							"post": [-13.68043, -0.5997, 14.17255],
							"lerp_mode": "catmullrom"
						},
						"2.2083": {
							"post": [-8.60929, -0.60521, 14.00111],
							"lerp_mode": "catmullrom"
						},
						"2.6667": [-7.52338, 1.58214, -1.00942]
					}
				},
				"tail3": {
					"rotation": {
						"0.0": {
							"post": [-2.8564, -7.78166, 35.02667],
							"lerp_mode": "catmullrom"
						},
						"0.9167": {
							"post": [-4.59773, -6.7078, 49.3376],
							"lerp_mode": "catmullrom"
						},
						"1.4167": {
							"post": [2.77155, -7.42601, 31.71803],
							"lerp_mode": "catmullrom"
						},
						"1.9583": {
							"post": [-35.08463, -7.79225, 23.28781],
							"lerp_mode": "catmullrom"
						},
						"2.2917": {
							"post": [-16.9835, -8.00148, 10.55182],
							"lerp_mode": "catmullrom"
						},
						"2.5417": {
							"post": [-12.73951, -8.22721, -8.53601],
							"lerp_mode": "catmullrom"
						},
						"2.8333": [-6.51175, -12.70424, -15.3133]
					}
				},
				"tail_ruff_right": {
					"rotation": [22.2381, 20.67893, 1.03694]
				},
				"tail_ruff_left": {
					"rotation": [19.39944, -23.34868, 6.52476]
				},
				"tail_ruff_back": {
					"rotation": [17.5, 0, 0]
				},
				"tail_right": {
					"rotation": [16.73205, 0, 0]
				},
				"tail_left": {
					"rotation": [15, 0, 0]
				},
				"neck": {
					"rotation": {
						"0.0": [-23.18321, 2.93381, 0.35307],
						"0.2917": {
							"pre": [-14.16802, 2.93381, 0.35307],
							"post": [-14.16802, 2.93381, 0.35307],
							"lerp_mode": "catmullrom"
						},
						"0.75": {
							"post": [-21.70438, -2.63652, -13.57983],
							"lerp_mode": "catmullrom"
						},
						"1.25": {
							"post": [-9.31223, 1.94986, 4.48428],
							"lerp_mode": "catmullrom"
						},
						"1.5417": {
							"post": [12.07447, 2.96389, -31.40177],
							"lerp_mode": "catmullrom"
						},
						"2.0": {
							"post": [25.12878, -6.84843, 20.65208],
							"lerp_mode": "catmullrom"
						},
						"2.0417": {
							"post": [25.4334, -5.42012, 17.62537],
							"lerp_mode": "catmullrom"
						},
						"2.125": [24.49877, -8.94791, 25.23369]
					}
				},
				"hair3": {
					"rotation": {
						"0.0": {
							"post": [-9.6182, -11.57414, -5.98161],
							"lerp_mode": "catmullrom"
						},
						"1.0417": {
							"post": [12.20613, -11.57414, -5.98161],
							"lerp_mode": "catmullrom"
						},
						"1.5417": {
							"post": [-22.1182, -11.57414, -5.98161],
							"lerp_mode": "catmullrom"
						},
						"1.7083": {
							"post": [10.06624, -53.2629, -16.30797],
							"lerp_mode": "catmullrom"
						},
						"1.875": {
							"post": [5.10519, -29.92418, -14.204],
							"lerp_mode": "catmullrom"
						},
						"2.0417": {
							"post": [-0.05458, -17.13856, -10.37122],
							"lerp_mode": "catmullrom"
						},
						"2.5417": [-14.84901, 14.36713, -15.19068]
					},
					"position": [0.5, 0, 0]
				},
				"hair6": {
					"rotation": [38.46791, 0, -1]
				},
				"arm_right2": {
					"rotation": {
						"0.0": [-0.90956, -19.9802, 2.66022],
						"0.4583": {
							"pre": [7.28233, -2.49644, -36.72574],
							"post": [7.28233, -2.49644, -36.72574],
							"lerp_mode": "catmullrom"
						},
						"0.7917": {
							"post": [10.63603, 5.34224, -29.90515],
							"lerp_mode": "catmullrom"
						},
						"1.2083": {
							"post": [10.63603, 5.34224, -29.90515],
							"lerp_mode": "catmullrom"
						},
						"1.5833": {
							"post": [11.3146, -3.67847, 14.22959],
							"lerp_mode": "catmullrom"
						},
						"1.75": {
							"post": [-11.18495, -3.68003, 14.2277],
							"lerp_mode": "catmullrom"
						},
						"1.875": {
							"post": [10.64, 5.34, -29.91],
							"lerp_mode": "catmullrom"
						},
						"1.9583": {
							"post": [11.23688, 3.91486, -22.52234],
							"lerp_mode": "catmullrom"
						},
						"2.2917": [10.64, 5.34, -29.91]
					}
				},
				"arm_left2": {
					"rotation": {
						"0.0": [-0.78795, 17.4828, -2.6212],
						"0.5833": {
							"pre": [-5.79485, 7.61586, -35.3344],
							"post": [-5.79485, 7.61586, -35.3344],
							"lerp_mode": "catmullrom"
						},
						"0.9167": {
							"post": [0.56455, 5.00892, 12.60752],
							"lerp_mode": "catmullrom"
						},
						"1.125": {
							"post": [0.39403, 5.65884, 28.03713],
							"lerp_mode": "catmullrom"
						},
						"1.375": {
							"post": [-1.74673, 6.04935, 28.80371],
							"lerp_mode": "catmullrom"
						},
						"1.6667": {
							"post": [-6.28362, -0.38868, -48.58265],
							"lerp_mode": "catmullrom"
						},
						"1.7917": [-19.45381, -23.64817, -46.02811],
						"1.875": [-29.64371, -6.38299, -8.44788]
					}
				},
				"hair_closed": {
					"rotation": {
						"0.0": {
							"post": [-1.96962, 0, -1.96962],
							"lerp_mode": "catmullrom"
						},
						"0.4167": {
							"post": [-6.94508, 5.28867, -1.68645],
							"lerp_mode": "catmullrom"
						},
						"0.75": {
							"post": [18.57704, 9.98587, -1.43554],
							"lerp_mode": "catmullrom"
						},
						"1.0417": {
							"post": [-4.77541, 7.25906, -1.58169],
							"lerp_mode": "catmullrom"
						},
						"1.3333": {
							"post": [9.03326, 0.00415, -1.97459],
							"lerp_mode": "catmullrom"
						},
						"1.6667": {
							"post": [3.22744, -19.96663, -3.07792],
							"lerp_mode": "catmullrom"
						},
						"2.0": {
							"post": [-0.77256, -19.96663, -3.07792],
							"lerp_mode": "catmullrom"
						},
						"2.5": [-1.96387, -2.49234, -2.10696]
					}
				},
				"hair7": {
					"rotation": [-3.4202, -2.5, 0]
				},
				"hair_end_middle": {
					"rotation": [-3.83022, 0, 0]
				},
				"hair_end_middle3": {
					"rotation": [0, 0, 0]
				},
				"eyelid_right": {
					"position": {
						"0.0": [0, 0, 0],
						"0.0417": [-0.1, 0, -0.1],
						"0.5417": [-0.1, 0, -0.1],
						"0.5833": [0, 0, 0],
						"1.3333": [0, 0, 0],
						"1.375": [-0.1, 0, -0.1]
					}
				},
				"eyelid_left": {
					"position": {
						"0.0": [0, 0, 0],
						"0.0417": [0.1, 0, -0.1],
						"0.5417": [0.1, 0, -0.1],
						"0.5833": [0, 0, 0],
						"1.3333": [0, 0, 0],
						"1.375": [0.1, 0, -0.1]
					}
				},
				"wrist_left": {
					"rotation": {
						"0.0": {
							"post": [0, 0, -35],
							"lerp_mode": "catmullrom"
						},
						"1.125": {
							"post": [0.56718, -1.61042, 28.39445],
							"lerp_mode": "catmullrom"
						},
						"2.2083": [2.95653, -1.57857, 6.00992]
					},
					"position": {
						"0.0": {
							"post": [0, 0, 0],
							"lerp_mode": "catmullrom"
						},
						"1.125": {
							"post": [-0.95, 0.2, 0],
							"lerp_mode": "catmullrom"
						},
						"2.2083": [0, 0, 0]
					}
				},
				"fingers_left_rotation": {
					"rotation": {
						"0.0": {
							"post": [0, 0, -20],
							"lerp_mode": "catmullrom"
						},
						"1.125": {
							"post": [0.38261, 0.80385, 18.71733],
							"lerp_mode": "catmullrom"
						},
						"2.2083": [-0.2899, 1.72332, -12.71051]
					},
					"position": {
						"0.0": {
							"post": [0, 0, 0],
							"lerp_mode": "catmullrom"
						},
						"1.125": {
							"post": [-0.5, 0.1, 0],
							"lerp_mode": "catmullrom"
						},
						"2.2083": [0, 0, 0]
					}
				},
				"wrist_right": {
					"rotation": {
						"0.0": {
							"post": [0, 0, 30],
							"lerp_mode": "catmullrom"
						},
						"0.5": {
							"post": [0, 0, 42.5],
							"lerp_mode": "catmullrom"
						},
						"1.1667": {
							"post": [0, 0, -22.5],
							"lerp_mode": "catmullrom"
						},
						"2.0833": [0, 0, 7.5]
					},
					"position": {
						"0.0": {
							"post": [0, 0, 0],
							"lerp_mode": "catmullrom"
						},
						"1.1667": {
							"post": [0.75, 0, 0],
							"lerp_mode": "catmullrom"
						},
						"1.625": {
							"post": [0, 0, 0],
							"lerp_mode": "catmullrom"
						}
					}
				},
				"fingers_right_rotation": {
					"rotation": {
						"0.0": {
							"post": [0, 0, 22.5],
							"lerp_mode": "catmullrom"
						},
						"0.5": {
							"post": [0, 0, 40],
							"lerp_mode": "catmullrom"
						},
						"1.0": {
							"post": [0, 0, -12.5],
							"lerp_mode": "catmullrom"
						},
						"1.1667": {
							"post": [0, 0, -33.63],
							"lerp_mode": "catmullrom"
						},
						"2.0833": [0, 0, 17.5]
					},
					"position": {
						"0.0": {
							"post": [0, 0, 0],
							"lerp_mode": "catmullrom"
						},
						"1.2083": {
							"post": [1, 0.3, 0],
							"lerp_mode": "catmullrom"
						},
						"1.8333": {
							"post": [0, 0, 0],
							"lerp_mode": "catmullrom"
						}
					}
				},
				"mouth": {
					"position": {
						"0.0": [0, 0, 0],
						"0.6667": [0, 0, 0],
						"0.7083": [0, -0.1, 0],
						"1.2083": [0, -0.1, 0],
						"1.25": [0, 0, 0]
					}
				},
				"hair2": {
					"rotation": {
						"0.0": {
							"post": [0, 0, 0],
							"lerp_mode": "catmullrom"
						},
						"0.2917": {
							"post": [-12.5, 0, 0],
							"lerp_mode": "catmullrom"
						},
						"0.6667": {
							"post": [2.5, 0, 0],
							"lerp_mode": "catmullrom"
						},
						"1.2083": [-10, 0, 0]
					}
				},
				"tail4": {
					"rotation": {
						"0.0": {
							"post": [0, 0, 0],
							"lerp_mode": "catmullrom"
						},
						"0.5417": {
							"post": [4.92442, -0.86717, 9.96271],
							"lerp_mode": "catmullrom"
						},
						"0.9583": {
							"post": [17.25002, -2.99318, 9.54589],
							"lerp_mode": "catmullrom"
						},
						"1.4167": {
							"post": [10.85238, -2.37367, 7.11651],
							"lerp_mode": "catmullrom"
						},
						"1.75": {
							"post": [-0.49952, -0.02181, -2.4999],
							"lerp_mode": "catmullrom"
						},
						"2.0833": {
							"post": [1.40958, 0.51298, -19.99369],
							"lerp_mode": "catmullrom"
						},
						"2.4583": {
							"post": [-3.75948, 1.3671, 19.95513],
							"lerp_mode": "catmullrom"
						},
						"2.7917": [-5.85878, 1.29638, 12.43366]
					}
				},
				"hair_open": {
					"scale": 0
				}
			}
		},
		"animation.primarina.blink": {
			"animation_length": 0.1667,
			"bones": {
				"eyelash_left": {
					"position": {
						"0.0": [-0.1, 0, 0],
						"0.125": [-0.1, 0, 0],
						"0.1667": [0, 0, 0]
					}
				},
				"eyelid_left": {
					"position": {
						"0.0": [0.1, 0, -0.1],
						"0.125": [0.1, 0, -0.1],
						"0.1667": [0, 0, 0]
					}
				},
				"eyelash_right": {
					"position": {
						"0.0": [0.1, 0, 0],
						"0.125": [0.1, 0, 0],
						"0.1667": [0, 0, 0]
					}
				},
				"eyelid_right": {
					"position": {
						"0.0": [-0.1, 0, -0.1],
						"0.125": [-0.1, 0, -0.1],
						"0.1667": [0, 0, 0]
					}
				},
				"eyelash_closed_left": {
					"position": {
						"0.0": [0.1, 0, 0],
						"0.125": [0.1, 0, 0],
						"0.1667": [0, 0, 0]
					}
				},
				"eyelash_closed_right": {
					"position": {
						"0.0": [-0.1, 0, 0],
						"0.125": [-0.1, 0, 0],
						"0.1667": [0, 0, 0]
					}
				}
			}
		},
		"animation.primarina.shock": {
			"loop": true,
			"bones": {
				"eye_shine_left2": {
					"scale": [1, 0.7, 0.7]
				},
				"eye_shine_right2": {
					"scale": [1, 0.7, 0.7]
				},
				"mouth": {
					"position": [0, -1, 0]
				}
			}
		},
		"animation.primarina.angry": {
			"loop": true,
			"bones": {
				"eyelash_left": {
					"rotation": [5, 0, 0],
					"position": [0, 0, -0.25]
				},
				"eye_shine_left2": {
					"position": [0, -0.5, 0]
				},
				"eyelash_right": {
					"rotation": [5, 0, 0],
					"position": [0, 0, -0.25]
				},
				"eye_shine_right2": {
					"position": [0, -0.5, 0]
				},
				"eye_angry_left": {
					"position": [0.1, 0, -0.1]
				},
				"eye_angry_right": {
					"position": [-0.1, 0, -0.1]
				}
			}
		},
		"animation.primarina.sad": {
			"loop": true,
			"bones": {
				"eye_sad_left": {
					"position": [0.1, 0, -0.1]
				},
				"eyelash_left": {
					"rotation": [-17.5, 0, 0],
					"position": [0, 0.5, 0]
				},
				"eyelash_right": {
					"rotation": [-17.5, 0, 0],
					"position": [0, 0.5, 0]
				},
				"eye_sad_right": {
					"position": [-0.1, 0, -0.1]
				}
			}
		},
		"animation.primarina.unamused": {
			"loop": true,
			"bones": {
				"eyelash_left": {
					"rotation": [-7.5, 0, 0]
				},
				"eye_shine_left2": {
					"position": [0, -0.25, 0]
				},
				"eyelash_right": {
					"rotation": [-7.5, 0, 0]
				},
				"eye_shine_right2": {
					"position": [0, -0.25, 0]
				},
				"eye_unamused_left": {
					"position": [0.1, 0, -0.1]
				},
				"eye_unamused_right": {
					"position": [-0.1, 0, -0.1]
				}
			}
		},
		"animation.primarina.happy": {
			"loop": true,
			"bones": {
				"eyelash_left": {
					"rotation": [2.5, 0, 0]
				},
				"eyelash_right": {
					"rotation": [2.5, 0, 0]
				},
				"mouth": {
					"position": [0, -1, 0]
				},
				"eyelid_happy_left": {
					"position": [0.1, 0, -0.1]
				},
				"eyelid_happy_right": {
					"position": [-0.1, 0, -0.1]
				}
			}
		},
		"animation.primarina.blush": {
			"loop": true,
			"bones": {
				"blush_right": {
					"position": [-0.1, 0, 0]
				},
				"blush_left": {
					"position": [0.1, 0, 0]
				}
			}
		},
		"animation.primarina.hurt": {
			"loop": true,
			"bones": {
				"eyelid_recoil_left": {
					"position": [0.1, 0, -0.1]
				},
				"eyelid_recoil_right": {
					"position": [-0.1, 0, -0.1]
				}
			}
		},
		"animation.primarina.speen": {
			"loop": true,
			"bones": {
				"body": {
					"rotation": [0, "q.anim_time*90*6", 0]
				}
			}
		}
	}
}