{
	"format_version": "1.12.0",
	"minecraft:geometry": [
		{
			"description": {
				"identifier": "geometry.ducklett",
				"texture_width": 64,
				"texture_height": 64,
				"visible_bounds_width": 3,
				"visible_bounds_height": 2.5,
				"visible_bounds_offset": [0, 0.75, 0]
			},
			"bones": [
				{
					"name": "ducklett",
					"pivot": [0, 0, 0]
				},
				{
					"name": "body",
					"parent": "ducklett",
					"pivot": [0, 4, 0]
				},
				{
					"name": "torso",
					"parent": "body",
					"pivot": [0, 2.5, 0.5],
					"cubes": [
						{"origin": [-4, 2.5, -5], "size": [8, 3, 11], "uv": [0, 0]}
					]
				},
				{
					"name": "torso2",
					"parent": "torso",
					"pivot": [0, 5.5, -4],
					"rotation": [-10, 0, 0],
					"cubes": [
						{"origin": [-3, 4.5, -4], "size": [6, 5, 9], "inflate": 0.01, "uv": [5, 14]},
						{"origin": [-1, 9.5, 2], "size": [2, 2, 3], "pivot": [0, 9.5, 5], "rotation": [45, 0, 0], "uv": [46, 8]}
					]
				},
				{
					"name": "neck",
					"parent": "torso2",
					"pivot": [0, 9.5, -3],
					"rotation": [10, 0, 0],
					"cubes": [
						{"origin": [-1.5, 8, -4], "size": [3, 5, 2], "uv": [38, 11]}
					]
				},
				{
					"name": "head",
					"parent": "neck",
					"pivot": [0, 11.5, -3],
					"cubes": [
						{"origin": [-3, 11.5, -5.5], "size": [6, 5, 5], "uv": [27, 1]},
						{"origin": [0, 11.95, -2.5], "size": [0, 2, 2], "pivot": [0, 13.95, -0.5], "rotation": [35, 0, 0], "uv": [30, 26]},
						{"origin": [1.06101, 11.94201, -0.55], "size": [2, 2, 0], "pivot": [3, 13.85, -0.55], "rotation": [0, -45, -36], "uv": [30, 30]},
						{"origin": [-3.06101, 11.94201, -0.55], "size": [2, 2, 0], "pivot": [-3, 13.85, -0.55], "rotation": [0, 45, 36], "uv": [30, 32], "mirror": true},
						{"origin": [-3.5, 14.5, -5.6], "size": [7, 2, 4], "pivot": [0, 16.5, -1.6], "rotation": [-12.5, 0, 0], "uv": [42, 58]}
					]
				},
				{
					"name": "eyes",
					"parent": "head",
					"pivot": [2, 14, -5.5]
				},
				{
					"name": "eye_left",
					"parent": "eyes",
					"pivot": [2, 14, -5.7],
					"cubes": [
						{"origin": [1.5, 12.5, -5.5], "size": [1, 3, 0], "inflate": 0.01, "uv": [0, 0]},
						{"origin": [1.8, 12.5, -5.45], "size": [1, 3, 0], "inflate": 0.2, "uv": [2, 0], "mirror": true}
					]
				},
				{
					"name": "pupil_left",
					"parent": "eye_left",
					"pivot": [2.25, 14, -5.7],
					"cubes": [
						{"origin": [1.75, 13, -5.7], "size": [1, 2, 0], "inflate": 0.02, "uv": [9, 0], "mirror": true}
					]
				},
				{
					"name": "makeup",
					"parent": "eye_left",
					"pivot": [2, 12, -4.5],
					"cubes": [
						{"origin": [1, 12, -5.5], "size": [2, 1, 1], "inflate": 0.1, "uv": [1, 61]},
						{"origin": [1.5, 11.4, -5.8], "size": [1, 1, 1], "inflate": -0.2, "uv": [2, 61]},
						{"origin": [2.3, 11.4, -5.8], "size": [1, 1, 1], "inflate": -0.2, "uv": [2, 61]}
					]
				},
				{
					"name": "eye_right",
					"parent": "eyes",
					"pivot": [-2, 14, -5.8],
					"cubes": [
						{"origin": [-2.5, 12.5, -5.8], "size": [1, 3, 0], "inflate": 0.01, "uv": [0, 0]},
						{"origin": [-2.8, 12.5, -5.55], "size": [1, 3, 0], "inflate": 0.2, "uv": [2, 0]}
					]
				},
				{
					"name": "makeup2",
					"parent": "eye_right",
					"pivot": [-2, 12, -4.5],
					"cubes": [
						{"origin": [-3, 12, -5.5], "size": [2, 1, 1], "inflate": 0.1, "uv": [1, 61], "mirror": true},
						{"origin": [-2.5, 11.4, -5.8], "size": [1, 1, 1], "inflate": -0.2, "uv": [2, 61], "mirror": true},
						{"origin": [-3.3, 11.4, -5.8], "size": [1, 1, 1], "inflate": -0.2, "uv": [2, 61], "mirror": true}
					]
				},
				{
					"name": "pupil_right",
					"parent": "eye_right",
					"pivot": [-2.25, 14, -5.8],
					"cubes": [
						{"origin": [-2.75, 13, -5.8], "size": [1, 2, 0], "inflate": 0.02, "uv": [7, 0]}
					]
				},
				{
					"name": "eyelid_right",
					"parent": "eyes",
					"pivot": [-1.9, 14, -4.9],
					"cubes": [
						{"origin": [-2.9, 12.5, -5.4], "size": [2, 3, 1], "inflate": 0.03, "uv": [0, 7]}
					]
				},
				{
					"name": "eyelid_left",
					"parent": "eyes",
					"pivot": [1.9, 14, -4.9],
					"cubes": [
						{"origin": [0.9, 12.5, -5.4], "size": [2, 3, 1], "inflate": 0.03, "uv": [0, 3], "mirror": true}
					]
				},
				{
					"name": "bill",
					"parent": "head",
					"pivot": [0, 12.5, -5.5]
				},
				{
					"name": "bill_upper",
					"parent": "bill",
					"pivot": [0, 12.5, -5.5],
					"cubes": [
						{"origin": [-1.5, 12.5, -8.5], "size": [3, 1, 4], "inflate": 0.02, "uv": [50, 28]}
					]
				},
				{
					"name": "jaw",
					"parent": "bill",
					"pivot": [0, 12.5, -5.5],
					"cubes": [
						{"origin": [-1.5, 11.5, -8.5], "size": [3, 1, 3], "inflate": 0.01, "uv": [52, 24]}
					]
				},
				{
					"name": "wings",
					"parent": "torso2",
					"pivot": [0, 9.5, -1.5]
				},
				{
					"name": "wings_closed",
					"parent": "wings",
					"pivot": [0, 9.5, -1.5]
				},
				{
					"name": "wing_closed_right",
					"parent": "wings_closed",
					"pivot": [3, 9.5, -1.5],
					"rotation": [60, 0, -30],
					"cubes": [
						{"origin": [0.5, 5, -5], "size": [3, 5, 4], "inflate": 0.02, "uv": [0, 14]}
					]
				},
				{
					"name": "wing_closed_right2",
					"parent": "wing_closed_right",
					"pivot": [3.25, 5, -5],
					"rotation": [-42.5, 0, 0],
					"cubes": [
						{"origin": [0.5, 5, -5], "size": [3, 3, 3], "inflate": 0.01, "uv": [40, 18]}
					]
				},
				{
					"name": "feather_closed_right",
					"parent": "wing_closed_right2",
					"pivot": [3.5, 7, -2.2],
					"rotation": [15, 0, 0],
					"cubes": [
						{"origin": [3.5, 7, -2.2], "size": [0, 1, 2], "uv": [26, 26]}
					]
				},
				{
					"name": "feather_closed_right2",
					"parent": "wing_closed_right2",
					"pivot": [3.5, 6, -2],
					"rotation": [7.5, 0, 0],
					"cubes": [
						{"origin": [3.5, 6, -2], "size": [0, 1, 2], "uv": [26, 27]}
					]
				},
				{
					"name": "feather_closed_right3",
					"parent": "wing_closed_right2",
					"pivot": [3.5, 6, -2],
					"cubes": [
						{"origin": [3.5, 5, -2], "size": [0, 1, 2], "uv": [26, 28]}
					]
				},
				{
					"name": "wing_closed_left",
					"parent": "wings_closed",
					"pivot": [-3, 9.5, -1.5],
					"rotation": [60, 0, 30],
					"cubes": [
						{"origin": [-3.5, 5, -5], "size": [3, 5, 4], "inflate": 0.02, "uv": [26, 14], "mirror": true}
					]
				},
				{
					"name": "wing_closed_left2",
					"parent": "wing_closed_left",
					"pivot": [-3.25, 5, -5],
					"rotation": [-42.5, 0, 0],
					"cubes": [
						{"origin": [-3.5, 5, -5], "size": [3, 3, 3], "inflate": 0.01, "uv": [52, 18], "mirror": true}
					]
				},
				{
					"name": "feather_closed_left",
					"parent": "wing_closed_left2",
					"pivot": [-3.5, 7, -2.2],
					"rotation": [15, 0, 0],
					"cubes": [
						{"origin": [-3.5, 7, -2.2], "size": [0, 1, 2], "uv": [26, 30], "mirror": true}
					]
				},
				{
					"name": "feather_closed_left2",
					"parent": "wing_closed_left2",
					"pivot": [-3.5, 6, -2],
					"rotation": [7.5, 0, 0],
					"cubes": [
						{"origin": [-3.5, 6, -2], "size": [0, 1, 2], "uv": [26, 31], "mirror": true}
					]
				},
				{
					"name": "feather_closed_left3",
					"parent": "wing_closed_left2",
					"pivot": [-3.5, 6, -2],
					"cubes": [
						{"origin": [-3.5, 5, -2], "size": [0, 1, 2], "uv": [26, 32], "mirror": true}
					]
				},
				{
					"name": "wings_open",
					"parent": "wings",
					"pivot": [0, 8.7, -2]
				},
				{
					"name": "wing_open_right",
					"parent": "wings_open",
					"pivot": [3, 8.7, -2],
					"cubes": [
						{"origin": [2, 8.2, -3], "size": [6, 1, 4], "inflate": 0.01, "uv": [0, 28]}
					]
				},
				{
					"name": "wing_open_right2",
					"parent": "wing_open_right",
					"pivot": [8, 8.7, -3],
					"cubes": [
						{"origin": [8, 8.2, -3], "size": [3, 1, 3], "uv": [17, 32]}
					]
				},
				{
					"name": "wing_open_right3",
					"parent": "wing_open_right2",
					"pivot": [11, 8.7, -3],
					"cubes": [
						{"origin": [11, 8.7, -3], "size": [4, 0, 2], "inflate": 0.01, "uv": [54, 16]}
					]
				},
				{
					"name": "wing_open_right4",
					"parent": "wing_open_right2",
					"pivot": [8.25, 8.7, 1],
					"rotation": [0, -16.5, 0],
					"cubes": [
						{"origin": [7.25, 8.7, -2], "size": [6, 0, 3], "uv": [-1, 45]}
					]
				},
				{
					"name": "wing_open_right5",
					"parent": "wing_open_right",
					"pivot": [4.5, 8.7, 1],
					"rotation": [0, -32.5, 0],
					"cubes": [
						{"origin": [4.5, 8.7, -1], "size": [4, 0, 2], "inflate": 0.005, "uv": [54, 14]}
					]
				},
				{
					"name": "wing_open_right6",
					"parent": "wing_open_right",
					"pivot": [3, 8.7, 0],
					"rotation": [0, -51.5, 0],
					"cubes": [
						{"origin": [3, 8.7, -1], "size": [3, 0, 1], "inflate": 0.01, "uv": [33, 29]}
					]
				},
				{
					"name": "wing_open_left",
					"parent": "wings_open",
					"pivot": [-3, 8.7, -2],
					"cubes": [
						{"origin": [-8, 8.2, -3], "size": [6, 1, 4], "inflate": 0.01, "uv": [0, 33], "mirror": true}
					]
				},
				{
					"name": "wing_open_left2",
					"parent": "wing_open_left",
					"pivot": [-8, 8.7, -3],
					"cubes": [
						{"origin": [-11, 8.2, -3], "size": [3, 1, 3], "uv": [17, 28], "mirror": true}
					]
				},
				{
					"name": "wing_open_left3",
					"parent": "wing_open_left2",
					"pivot": [-11, 8.7, -3],
					"cubes": [
						{"origin": [-15, 8.7, -3], "size": [4, 0, 2], "inflate": 0.01, "uv": [46, 16], "mirror": true}
					]
				},
				{
					"name": "wing_open_left4",
					"parent": "wing_open_left2",
					"pivot": [-8.25, 8.7, 1],
					"rotation": [0, 16.5, 0],
					"cubes": [
						{"origin": [-13.25, 8.7, -2], "size": [6, 0, 3], "uv": [-1, 40], "mirror": true}
					]
				},
				{
					"name": "wing_open_left5",
					"parent": "wing_open_left",
					"pivot": [-4.5, 8.7, 1],
					"rotation": [0, 32.5, 0],
					"cubes": [
						{"origin": [-8.5, 8.7, -1], "size": [4, 0, 2], "inflate": 0.005, "uv": [46, 14], "mirror": true}
					]
				},
				{
					"name": "wing_open_left6",
					"parent": "wing_open_left",
					"pivot": [-3, 8.7, 0],
					"rotation": [0, 51.5, 0],
					"cubes": [
						{"origin": [-6, 8.7, -1], "size": [3, 0, 1], "inflate": 0.01, "uv": [33, 30], "mirror": true}
					]
				},
				{
					"name": "chest_fluff",
					"parent": "torso",
					"pivot": [0, 4.8, -5],
					"rotation": [-10, 0, 0]
				},
				{
					"name": "fluff_right",
					"parent": "chest_fluff",
					"pivot": [0.35, 5.5, -5],
					"rotation": [-1, 0, -20],
					"cubes": [
						{"origin": [-1.65, 5.5, -5], "size": [2, 3, 2], "uv": [35, 24]}
					]
				},
				{
					"name": "fluff_left",
					"parent": "chest_fluff",
					"pivot": [-0.35, 5.5, -5],
					"rotation": [-1, 0, 20],
					"cubes": [
						{"origin": [-0.35, 5.5, -5], "size": [2, 3, 2], "uv": [43, 24], "mirror": true}
					]
				},
				{
					"name": "legs",
					"parent": "body",
					"pivot": [-1.5, 2.5, 0]
				},
				{
					"name": "leg_right",
					"parent": "legs",
					"pivot": [-1.75, 2.5, 0.5],
					"cubes": [
						{"origin": [-2.25, 0.5, 0], "size": [1, 4, 1], "uv": [27, 0]}
					]
				},
				{
					"name": "foot_right",
					"parent": "leg_right",
					"pivot": [-1.75, 1, 0.5],
					"cubes": [
						{"origin": [-2.75, 0, -0.75], "size": [2, 1, 2], "inflate": 0.01, "pivot": [-1.75, 0.5, 0.25], "rotation": [0, -45, 0], "uv": [54, 11]}
					]
				},
				{
					"name": "toes_right",
					"parent": "foot_right",
					"pivot": [-1.75, 0, -0.75],
					"cubes": [
						{"origin": [-3.25, 0, -2.75], "size": [3, 1, 3], "uv": [52, 0], "mirror": true}
					]
				},
				{
					"name": "leg_left",
					"parent": "legs",
					"pivot": [1.75, 2.5, 0.5],
					"cubes": [
						{"origin": [1.25, 0.5, 0], "size": [1, 4, 1], "uv": [44, 0], "mirror": true}
					]
				},
				{
					"name": "foot_left",
					"parent": "leg_left",
					"pivot": [1.75, 1, 0.5],
					"cubes": [
						{"origin": [0.75, 0, -0.75], "size": [2, 1, 2], "inflate": 0.01, "pivot": [1.75, 0.5, 0.25], "rotation": [0, 45, 0], "uv": [54, 8], "mirror": true}
					]
				},
				{
					"name": "toes_left",
					"parent": "foot_left",
					"pivot": [1.75, 0, -0.75],
					"cubes": [
						{"origin": [0.25, 0, -2.75], "size": [3, 1, 3], "uv": [52, 4]}
					]
				}
			]
		}
	]
}