{
	"format_version": "1.12.0",
	"minecraft:geometry": [
		{
			"description": {
				"identifier": "geometry.luxio",
				"texture_width": 129,
				"texture_height": 64,
				"visible_bounds_width": 5,
				"visible_bounds_height": 3.5,
				"visible_bounds_offset": [0, 1.25, 0]
			},
			"bones": [
				{
					"name": "luxio",
					"pivot": [-6, -0.1, 0]
				},
				{
					"name": "body",
					"parent": "luxio",
					"pivot": [-6, 8.25, 0.25]
				},
				{
					"name": "back_leg_right",
					"parent": "body",
					"pivot": [-8.5, 8, 3.75],
					"cubes": [
						{"origin": [-10, 4.5, 2.25], "size": [3, 5, 4], "inflate": 0.01, "uv": [115, 44]}
					]
				},
				{
					"name": "knee_right",
					"parent": "back_leg_right",
					"pivot": [-8.5, 4.5, 3.65],
					"cubes": [
						{"origin": [-10, 2, 4.25], "size": [3, 4, 3], "pivot": [-7, 3.5, 5.25], "rotation": [22.5, 0, 0], "uv": [103, 46]}
					]
				},
				{
					"name": "back_paw_right",
					"parent": "knee_right",
					"pivot": [-8.5, 2, 6.25],
					"cubes": [
						{"origin": [-10, 0, 4.75], "size": [3, 3, 3], "inflate": 0.01, "uv": [91, 51]}
					]
				},
				{
					"name": "back_toes_right",
					"parent": "back_paw_right",
					"pivot": [-8.5, 1.5, 4.75],
					"cubes": [
						{"origin": [-10, 0, 3.5], "size": [3, 2, 2], "uv": [83, 60]}
					]
				},
				{
					"name": "back_claws_right",
					"parent": "back_toes_right",
					"pivot": [-8.5, 0.5, 3.5],
					"cubes": [
						{"origin": [-7.5, 0, 2.6], "size": [0, 1, 1], "uv": [49, 3]},
						{"origin": [-8.5, 0, 2.6], "size": [0, 1, 1], "uv": [47, 3]},
						{"origin": [-9.5, 0, 2.6], "size": [0, 1, 1], "uv": [45, 3]}
					]
				},
				{
					"name": "back_leg_left",
					"parent": "body",
					"pivot": [-3.5, 8, 3.75],
					"cubes": [
						{"origin": [-5, 4.5, 2.25], "size": [3, 5, 4], "uv": [115, 35], "mirror": true}
					]
				},
				{
					"name": "knee_left",
					"parent": "back_leg_left",
					"pivot": [-3.5, 4.5, 3.65],
					"cubes": [
						{"origin": [-5, 2, 4.25], "size": [3, 4, 3], "inflate": 0.01, "pivot": [-5, 3.5, 5.25], "rotation": [22.5, 0, 0], "uv": [103, 53], "mirror": true}
					]
				},
				{
					"name": "back_paw_left",
					"parent": "knee_left",
					"pivot": [-3.5, 2, 6.25],
					"cubes": [
						{"origin": [-5, 0, 4.75], "size": [3, 3, 3], "uv": [117, 53], "mirror": true}
					]
				},
				{
					"name": "back_toes_left",
					"parent": "back_paw_left",
					"pivot": [-3.5, 1.5, 4.75],
					"cubes": [
						{"origin": [-5, 0, 3.5], "size": [3, 2, 2], "inflate": -0.01, "uv": [93, 60], "mirror": true}
					]
				},
				{
					"name": "back_claws_left",
					"parent": "back_toes_left",
					"pivot": [-3.5, 0.5, 3.5],
					"cubes": [
						{"origin": [-2.5, 0, 2.6], "size": [0, 1, 1], "uv": [49, 5]},
						{"origin": [-3.5, 0, 2.6], "size": [0, 1, 1], "uv": [47, 5]},
						{"origin": [-4.5, 0, 2.6], "size": [0, 1, 1], "uv": [45, 5]}
					]
				},
				{
					"name": "front_leg_right",
					"parent": "body",
					"pivot": [-8.5, 7.75, -4],
					"cubes": [
						{"origin": [-10, 5.25, -5.5], "size": [3, 4, 3], "uv": [82, 27]}
					]
				},
				{
					"name": "elbow_right",
					"parent": "front_leg_right",
					"pivot": [-8.5, 5.25, -2.5],
					"cubes": [
						{"origin": [-10, 2.25, -5.5], "size": [3, 3, 3], "inflate": 0.01, "uv": [82, 34]}
					]
				},
				{
					"name": "front_paw_right",
					"parent": "elbow_right",
					"pivot": [-8.5, 2, -4],
					"cubes": [
						{"origin": [-10, 0, -5.5], "size": [3, 3, 3], "uv": [94, 43]}
					]
				},
				{
					"name": "front_toes_right",
					"parent": "front_paw_right",
					"pivot": [-8.5, 1.5, -5.5],
					"cubes": [
						{"origin": [-10, 0, -6.5], "size": [3, 2, 2], "inflate": -0.01, "uv": [83, 46]}
					]
				},
				{
					"name": "front_claws_right",
					"parent": "front_toes_right",
					"pivot": [-8.5, 0.5, -6.5],
					"cubes": [
						{"origin": [-7.5, 0, -7.5], "size": [0, 1, 1], "uv": [49, -1]},
						{"origin": [-8.5, 0, -7.5], "size": [0, 1, 1], "uv": [47, -1]},
						{"origin": [-9.5, 0, -7.5], "size": [0, 1, 1], "uv": [45, -1]}
					]
				},
				{
					"name": "front_leg_left",
					"parent": "body",
					"pivot": [-3.5, 7.75, -4],
					"cubes": [
						{"origin": [-5, 5.25, -5.5], "size": [3, 4, 3], "uv": [82, 20], "mirror": true}
					]
				},
				{
					"name": "elbow_left",
					"parent": "front_leg_left",
					"pivot": [-3.5, 5.25, -2.5],
					"cubes": [
						{"origin": [-5, 2.25, -5.5], "size": [3, 3, 3], "inflate": 0.01, "uv": [82, 40], "mirror": true}
					]
				},
				{
					"name": "front_paw_left",
					"parent": "elbow_left",
					"pivot": [-5, 2, -4],
					"cubes": [
						{"origin": [-5, 0, -5.5], "size": [3, 3, 3], "uv": [94, 37], "mirror": true}
					]
				},
				{
					"name": "front_toes_left",
					"parent": "front_paw_left",
					"pivot": [-3.5, 1.5, -5.45],
					"cubes": [
						{"origin": [-5, 0, -6.5], "size": [3, 2, 2], "inflate": -0.01, "uv": [83, 50], "mirror": true}
					]
				},
				{
					"name": "front_claws_left",
					"parent": "front_toes_left",
					"pivot": [-3.5, 0.5, -6.5],
					"cubes": [
						{"origin": [-4.5, 0, -7.5], "size": [0, 1, 1], "uv": [45, 1]},
						{"origin": [-3.5, 0, -7.5], "size": [0, 1, 1], "uv": [47, 1]},
						{"origin": [-2.5, 0, -7.5], "size": [0, 1, 1], "uv": [49, 1]}
					]
				},
				{
					"name": "torso",
					"parent": "body",
					"pivot": [-6, 8.4, -0.25],
					"cubes": [
						{"origin": [-9, 5.25, -6.25], "size": [6, 6, 6], "uv": [95, 25]}
					]
				},
				{
					"name": "neck",
					"parent": "torso",
					"pivot": [-6, 10, -2.75],
					"cubes": [
						{"origin": [-8.5, 10, -6.25], "size": [5, 3, 5], "inflate": -0.01, "uv": [100, 17]}
					]
				},
				{
					"name": "head",
					"parent": "neck",
					"pivot": [-6, 10.75, -3.75],
					"cubes": [
						{"origin": [-10.5, 10.75, -10.25], "size": [9, 8, 9], "uv": [93, 0]},
						{"origin": [-7, 12.75, -10.75], "size": [2, 3, 1], "uv": [123, 0]}
					]
				},
				{
					"name": "ear_right",
					"parent": "head",
					"pivot": [-11.25, 16.65, -5.75],
					"cubes": [
						{"origin": [-14.1, 14.15, -7.25], "size": [4, 7, 3], "inflate": 0.01, "uv": [79, 0]}
					]
				},
				{
					"name": "ear_left",
					"parent": "head",
					"pivot": [-0.75, 16.65, -5.75],
					"cubes": [
						{"origin": [-1.9, 14.15, -7.25], "size": [4, 7, 3], "inflate": 0.01, "uv": [79, 10], "mirror": true}
					]
				},
				{
					"name": "head_fluff_top",
					"parent": "head",
					"pivot": [-6, 18.75, -8.75]
				},
				{
					"name": "beard",
					"parent": "head",
					"pivot": [-6, 10.75, -7.25],
					"cubes": [
						{"origin": [-8.5, 9.75, -8.25], "size": [5, 2, 2], "uv": [115, 17]},
						{"origin": [-7.5, 7.75, -7.25], "size": [3, 2, 0], "pivot": [-6, 9.75, -7.25], "rotation": [10, 0, 0], "uv": [46, 47]}
					]
				},
				{
					"name": "neck_fluff",
					"parent": "head",
					"pivot": [-6, 11.35, -2],
					"cubes": [
						{"origin": [-6, 10.61732, -2.07612], "size": [0, 2, 3], "pivot": [-6, 11.75, -1.5], "rotation": [22.5, 0, 0], "uv": [46, 47]}
					]
				},
				{
					"name": "eye_right",
					"parent": "head",
					"pivot": [-8.575, 14.075, -10.25],
					"cubes": [
						{"origin": [-8.7, 13.7, -10.25], "size": [1, 1, 0], "inflate": 0.02, "uv": [68, 59]},
						{"origin": [-10.45, 12.45, -10.25], "size": [3, 3, 0], "inflate": 0.01, "uv": [67, 61]}
					]
				},
				{
					"name": "eyelid_r",
					"parent": "eye_right",
					"pivot": [-8.95, 13.95, -8.25],
					"cubes": [
						{"origin": [-10.45, 12.45, -8.25], "size": [3, 3, 0], "inflate": 0.01, "uv": [67, 49]}
					]
				},
				{
					"name": "eye_left",
					"parent": "head",
					"pivot": [-3.425, 14.075, -10.25],
					"cubes": [
						{"origin": [-4.55, 12.45, -10.25], "size": [3, 3, 0], "inflate": 0.01, "uv": [74, 61], "mirror": true},
						{"origin": [-4.3, 13.7, -10.25], "size": [1, 1, 0], "inflate": 0.02, "uv": [75, 59], "mirror": true}
					]
				},
				{
					"name": "eyelid_l",
					"parent": "eye_left",
					"pivot": [-3.05, 13.95, -7.25],
					"cubes": [
						{"origin": [-4.55, 12.45, -7.25], "size": [3, 3, 0], "inflate": 0.01, "uv": [74, 49], "mirror": true}
					]
				},
				{
					"name": "cheek_fluff_right",
					"parent": "head",
					"pivot": [-8.6, 12, -5.25],
					"cubes": [
						{"origin": [-14.6962, 10.13085, -5.25], "size": [5, 6, 0], "uv": [44, 52]},
						{"origin": [-11.6462, 10.13878, -6.25], "size": [3, 4, 2], "uv": [119, 23], "mirror": true}
					]
				},
				{
					"name": "cheek_fluff_left",
					"parent": "head",
					"pivot": [-3.4, 12, -5.25],
					"cubes": [
						{"origin": [-3.3538, 10.13878, -6.25], "size": [3, 4, 2], "uv": [119, 29]},
						{"origin": [-2.3038, 10.13085, -5.25], "size": [5, 6, 0], "uv": [44, 58], "mirror": true}
					]
				},
				{
					"name": "mouth_closed",
					"parent": "head",
					"pivot": [-6, 11.75, -10.25],
					"cubes": [
						{"origin": [-7.5, 10.75, -10.25], "size": [3, 2, 0], "inflate": 0.01, "uv": [72, 56]}
					]
				},
				{
					"name": "mouth_open",
					"parent": "head",
					"pivot": [-6, 11.76, -9.25],
					"cubes": [
						{"origin": [-7.5, 10.76, -9.25], "size": [3, 2, 0], "inflate": 0.01, "uv": [72, 53]}
					]
				},
				{
					"name": "hat",
					"parent": "head",
					"pivot": [-6, 18.5, -4],
					"rotation": [-5, 0, 0],
					"cubes": [
						{"origin": [-11.5, 17.5, -11], "size": [11, 2, 11], "uv": [0, 5]},
						{"origin": [-9.5, 19.5, -9], "size": [7, 7, 8], "uv": [14, 22]},
						{"origin": [-5, 19.5, -10], "size": [2, 2, 2], "uv": [34, 0], "mirror": true},
						{"origin": [-5.5, 19.5, -9.5], "size": [3.25, 2.25, 1.5], "uv": [34, 4], "mirror": true},
						{"origin": [-10, 19.5, -9.25], "size": [8, 1.25, 8.5], "uv": [13, 36]},
						{"origin": [-9, 19.5, -10], "size": [2, 2, 2], "uv": [34, 0]},
						{"origin": [-9.75, 19.5, -9.5], "size": [3.25, 2.25, 1.5], "uv": [34, 4]}
					]
				},
				{
					"name": "waist",
					"parent": "torso",
					"pivot": [-5.5, 10.75, -1.75],
					"cubes": [
						{"origin": [-9, 5.25, -1.75], "size": [6, 6, 8], "inflate": 0.01, "uv": [36, 10]}
					]
				},
				{
					"name": "tail",
					"parent": "waist",
					"pivot": [-6, 9, 5.25],
					"cubes": [
						{"origin": [-6.5, 8.5, 5.25], "size": [1, 1, 5], "uv": [67, 13]}
					]
				},
				{
					"name": "tail_2",
					"parent": "tail",
					"pivot": [-6, 9, 10.5],
					"cubes": [
						{"origin": [-6.5, 8.5, 10.25], "size": [1, 1, 4], "uv": [68, 19]}
					]
				},
				{
					"name": "tail_3",
					"parent": "tail_2",
					"pivot": [-6, 9, 14.25],
					"cubes": [
						{"origin": [-6.5, 8.5, 14.25], "size": [1, 1, 4], "uv": [68, 24]}
					]
				},
				{
					"name": "tail_4",
					"parent": "tail_3",
					"pivot": [-6, 9, 18.25],
					"cubes": [
						{"origin": [-6.5, 8.5, 18.25], "size": [1, 1, 4], "uv": [68, 29]}
					]
				},
				{
					"name": "tail_5",
					"parent": "tail_4",
					"pivot": [-6, 9, 22.25],
					"cubes": [
						{"origin": [-6.5, 8.5, 22.25], "size": [1, 1, 3], "uv": [69, 34]},
						{"origin": [-9.5, 5.5, 25.25], "size": [7, 7, 0], "inflate": 0.01, "uv": [67, 39]}
					]
				},
				{
					"name": "tail_fluff_top",
					"parent": "waist",
					"pivot": [-6, 10.5, 6.25],
					"cubes": [
						{"origin": [-6.99, 10.49459, 6.26307], "size": [2, 0, 2], "inflate": 0.01, "pivot": [-7.99, 10.49459, 6.26307], "rotation": [22.5, 0, 0], "uv": [44, 37]},
						{"origin": [-6.5, 10.5, 8.25], "size": [1, 0, 2], "pivot": [-8.5, 10.5, 6.25], "rotation": [22.5, 0, 0], "uv": [49, 37]},
						{"origin": [-5.11775, 8.92576, 7.20806], "size": [1, 0, 2], "pivot": [-3.74775, 8.50762, 7.34373], "rotation": [8.43605, -3.40388, 68.55446], "uv": [44, 40]},
						{"origin": [-5.61775, 8.92576, 6.20806], "size": [2, 0, 1], "inflate": 0.01, "pivot": [-3.74775, 8.50762, 7.34373], "rotation": [8.43605, -3.40388, 68.55446], "uv": [50, 40]},
						{"origin": [-7.88225, 8.92576, 7.20806], "size": [1, 0, 2], "pivot": [-8.25225, 8.50762, 7.34373], "rotation": [8.43605, 3.40388, -68.55446], "uv": [46, 40]},
						{"origin": [-8.38225, 8.92576, 6.20806], "size": [2, 0, 1], "inflate": 0.01, "pivot": [-8.25225, 8.50762, 7.34373], "rotation": [8.43605, 3.40388, -68.55446], "uv": [50, 41], "mirror": true}
					]
				},
				{
					"name": "tail_fluff_bottom",
					"parent": "waist",
					"pivot": [-6, 7.25, 6.25],
					"cubes": [
						{"origin": [-3.82347, 7.19117, 5.77477], "size": [1, 0, 3], "pivot": [-3.82347, 7.44117, 7.27477], "rotation": [7.23983, -5.91966, 133.9831], "uv": [45, 42]},
						{"origin": [-9.17653, 7.19117, 5.77477], "size": [1, 0, 3], "pivot": [-8.17653, 7.44117, 7.27477], "rotation": [7.23983, 5.91966, -133.9831], "uv": [43, 42]}
					]
				}
			]
		}
	]
}