{
	"format_version": "1.12.0",
	"minecraft:geometry": [
		{
			"description": {
				"identifier": "geometry.nuzleaf_male",
				"texture_width": 64,
				"texture_height": 64,
				"visible_bounds_width": 3,
				"visible_bounds_height": 3.5,
				"visible_bounds_offset": [0, 1.25, 0]
			},
			"bones": [
				{
					"name": "nuzleaf",
					"pivot": [0, 0, 0]
				},
				{
					"name": "body",
					"parent": "nuzleaf",
					"pivot": [0, 10, 0]
				},
				{
					"name": "torso",
					"parent": "body",
					"pivot": [0, 6.5, 0],
					"cubes": [
						{"origin": [-2.5, 6.5, -1.5], "size": [5, 6, 3], "uv": [0, 14]},
						{"origin": [-2, 9.5, -1.51], "size": [1, 1, 0], "uv": [0, 14]},
						{"origin": [1, 9.5, -1.51], "size": [1, 1, 0], "uv": [5, 3]}
					]
				},
				{
					"name": "bag",
					"parent": "torso",
					"pivot": [-4, 12, 0],
					"rotation": [0, 0, -55],
					"cubes": [
						{"origin": [-4, 4, -2], "size": [1, 8, 4], "uv": [41, 0]},
						{"origin": [-5, 2, -1.75], "size": [2.25, 2.25, 4.25], "uv": [52, 0]}
					]
				},
				{
					"name": "head",
					"parent": "torso",
					"pivot": [0, 11.5, -0.5],
					"cubes": [
						{"origin": [-4.5, 11.5, -3.5], "size": [9, 7, 7], "uv": [0, 0]}
					]
				},
				{
					"name": "goggles",
					"parent": "head",
					"pivot": [0, 0, 0],
					"cubes": [
						{"origin": [-3, 17, -4], "size": [2, 2, 2], "uv": [0, 42]},
						{"origin": [1, 17, -4], "size": [2, 2, 2], "uv": [0, 42], "mirror": true}
					]
				},
				{
					"name": "nose",
					"parent": "head",
					"pivot": [0, 14.5, -3.5],
					"cubes": [
						{"origin": [-0.5, 14, -6.5], "size": [1, 1, 4], "uv": [6, 34]}
					]
				},
				{
					"name": "mouth_open",
					"parent": "head",
					"pivot": [0, 12.5, -2.91],
					"cubes": [
						{"origin": [-0.5, 12, -3.41], "size": [1, 1, 1], "uv": [0, 5]}
					]
				},
				{
					"name": "mouth_closed",
					"parent": "head",
					"pivot": [0, 12.5, -3.01],
					"cubes": [
						{"origin": [-1, 12, -3.51], "size": [2, 1, 1], "uv": [0, 3]}
					]
				},
				{
					"name": "leaf",
					"parent": "head",
					"pivot": [0, 18.5, 0],
					"cubes": [
						{"origin": [-0.5, 18.5, 0], "size": [1, 2, 0], "uv": [4, 5]}
					]
				},
				{
					"name": "leaf2",
					"parent": "leaf",
					"pivot": [0, 20.5, 0],
					"cubes": [
						{"origin": [-2.5, 20.5, 0], "size": [5, 5, 0], "uv": [0, 33]}
					]
				},
				{
					"name": "leaf3",
					"parent": "leaf2",
					"pivot": [0, 25.5, 0],
					"cubes": [
						{"origin": [-2.5, 25.5, 0], "size": [5, 4, 0], "uv": [34, 19]}
					]
				},
				{
					"name": "leaf4",
					"parent": "leaf3",
					"pivot": [0, 29.5, 0],
					"cubes": [
						{"origin": [-1.5, 29.5, 0], "size": [3, 3, 0], "uv": [0, 0]}
					]
				},
				{
					"name": "eye_left",
					"parent": "head",
					"pivot": [2.51, 15, -3.01],
					"cubes": [
						{"origin": [1, 14, -3.51], "size": [3, 2, 1], "uv": [24, 35]}
					]
				},
				{
					"name": "eyelid_left",
					"parent": "eye_left",
					"pivot": [2.41, 15, -2.91],
					"cubes": [
						{"origin": [1, 14, -3.41], "size": [3, 2, 1], "inflate": 0.01, "uv": [32, 7]}
					]
				},
				{
					"name": "eye_right",
					"parent": "head",
					"pivot": [-2.51, 15, -3.01],
					"cubes": [
						{"origin": [-4, 14, -3.51], "size": [3, 2, 1], "uv": [8, 23]}
					]
				},
				{
					"name": "eyelid_right",
					"parent": "eye_right",
					"pivot": [-2.41, 15, -2.91],
					"cubes": [
						{"origin": [-4, 14, -3.41], "size": [3, 2, 1], "inflate": 0.01, "uv": [0, 23]}
					]
				},
				{
					"name": "arm_left",
					"parent": "torso",
					"pivot": [2, 10.5, 0],
					"cubes": [
						{"origin": [1.5, 9.5, -1], "size": [4, 2, 2], "uv": [32, 15]}
					]
				},
				{
					"name": "arm_left2",
					"parent": "arm_left",
					"pivot": [5.5, 10.5, 1],
					"cubes": [
						{"origin": [5.5, 9.5, -1], "size": [4, 2, 2], "inflate": 0.001, "uv": [26, 31]}
					]
				},
				{
					"name": "hand_left",
					"parent": "arm_left2",
					"pivot": [9.5, 11.5, 0],
					"cubes": [
						{"origin": [9.5, 8.5, -2], "size": [4, 3, 4], "uv": [0, 26]}
					]
				},
				{
					"name": "arm_right",
					"parent": "torso",
					"pivot": [-2, 10.5, 0],
					"cubes": [
						{"origin": [-5.5, 9.5, -1], "size": [4, 2, 2], "uv": [14, 31]}
					]
				},
				{
					"name": "arm_right2",
					"parent": "arm_right",
					"pivot": [-5.5, 10.5, 1],
					"cubes": [
						{"origin": [-9.5, 9.5, -1], "size": [4, 2, 2], "inflate": 0.001, "uv": [24, 22]}
					]
				},
				{
					"name": "hand_right",
					"parent": "arm_right2",
					"pivot": [-9.5, 11.5, 0],
					"cubes": [
						{"origin": [-13.5, 8.5, -2], "size": [4, 3, 4], "uv": [25, 0]}
					]
				},
				{
					"name": "bag2",
					"parent": "torso",
					"pivot": [4, 12, 0],
					"rotation": [0, 0, 55]
				},
				{
					"name": "leg_left",
					"parent": "body",
					"pivot": [2, 6, 0],
					"cubes": [
						{"origin": [0, 3, -2], "size": [4, 4, 4], "uv": [12, 22]},
						{"origin": [1, 0.5, -1], "size": [2, 3, 2], "uv": [16, 35]}
					]
				},
				{
					"name": "foot_left",
					"parent": "leg_left",
					"pivot": [2, 0.5, 0],
					"cubes": [
						{"origin": [0.5, 0, -2.5], "size": [3, 1, 4], "inflate": 0.01, "uv": [28, 10]}
					]
				},
				{
					"name": "leg_right",
					"parent": "body",
					"pivot": [-2, 6, 0],
					"cubes": [
						{"origin": [-4, 3, -2], "size": [4, 4, 4], "uv": [16, 14]},
						{"origin": [-3, 0.5, -1], "size": [2, 3, 2], "uv": [34, 24]}
					]
				},
				{
					"name": "foot_right",
					"parent": "leg_right",
					"pivot": [-2, 0.5, 0],
					"cubes": [
						{"origin": [-3.5, 0, -2.5], "size": [3, 1, 4], "inflate": 0.01, "uv": [24, 26]}
					]
				}
			]
		}
	]
}