{
	"format_version": "1.12.0",
	"minecraft:geometry": [
		{
			"description": {
				"identifier": "geometry.popplio",
				"texture_width": 64,
				"texture_height": 32,
				"visible_bounds_width": 3,
				"visible_bounds_height": 2.5,
				"visible_bounds_offset": [0, 0.75, 0]
			},
			"bones": [
				{
					"name": "popplio",
					"pivot": [0, 0, 0]
				},
				{
					"name": "body",
					"parent": "popplio",
					"pivot": [0, 9, 0]
				},
				{
					"name": "head",
					"parent": "body",
					"pivot": [0, 14, -0.5],
					"cubes": [
						{"origin": [-3, 11, -3.5], "size": [6, 6, 6], "uv": [0, 0]},
						{"origin": [-3, 13, -2.75], "size": [6, 5, 6], "inflate": 0.1, "pivot": [0, 15.5, 0.25], "rotation": [-17.5, 0, 0], "uv": [39, 21]},
						{"origin": [-0.25, 18.5, 0.5], "size": [1, 2, 1], "pivot": [-1.5, 20.5, -2.5], "rotation": [-17.5, 0, 0], "uv": [41, 24]}
					]
				},
				{
					"name": "blush_left",
					"parent": "head",
					"pivot": [2.91, 12, -0.5],
					"cubes": [
						{"origin": [2.91, 11.5, -1.5], "size": [0, 1, 2], "uv": [54, 4]}
					]
				},
				{
					"name": "blush_right",
					"parent": "head",
					"pivot": [-2.91, 12, -0.5],
					"cubes": [
						{"origin": [-2.91, 11.5, -1.5], "size": [0, 1, 2], "uv": [54, 5], "mirror": true}
					]
				},
				{
					"name": "eyes",
					"parent": "head",
					"pivot": [0, 14, -2.525]
				},
				{
					"name": "eye_left",
					"parent": "eyes",
					"pivot": [2.51, 14, -2.51],
					"cubes": [
						{"origin": [2.01, 12.5, -3.51], "size": [1, 3, 2], "uv": [0, 0]}
					]
				},
				{
					"name": "eye_angry_left",
					"parent": "eye_left",
					"pivot": [2.4, 15, -2.92],
					"cubes": [
						{"origin": [1.91, 14.5, -3.42], "size": [1, 1, 0], "inflate": 0.01, "uv": [4, 0]},
						{"origin": [2.91, 15, -3.42], "size": [0, 1, 1], "inflate": 0.01, "uv": [4, 0]}
					]
				},
				{
					"name": "eye_sad_left",
					"parent": "eye_left",
					"pivot": [2.9, 15, -2.17],
					"cubes": [
						{"origin": [2.91, 15, -3.42], "size": [0, 1, 1], "inflate": 0.01, "uv": [2, 4]},
						{"origin": [2.91, 14.5, -2.42], "size": [0, 1, 1], "inflate": 0.01, "uv": [4, 4]}
					]
				},
				{
					"name": "eye_unamused_left",
					"parent": "eye_left",
					"pivot": [2.41, 15, -2.42],
					"cubes": [
						{"origin": [1.91, 14.5, -3.42], "size": [1, 1, 2], "inflate": 0.01, "uv": [22, 21]}
					]
				},
				{
					"name": "pupil_left",
					"parent": "eye_left",
					"pivot": [2.51, 14.75, -3.52],
					"cubes": [
						{"origin": [2.01, 14.25, -3.52], "size": [1, 1, 0], "uv": [0, 0]}
					]
				},
				{
					"name": "eyelid_left",
					"parent": "eye_left",
					"pivot": [2.4, 14, -2.4],
					"cubes": [
						{"origin": [1.9, 12.5, -3.41], "size": [1, 3, 2], "inflate": 0.02, "uv": [50, 10]}
					]
				},
				{
					"name": "eyelid_happy_left",
					"parent": "eye_left",
					"pivot": [2.4, 14, -2.4],
					"cubes": [
						{"origin": [1.9, 12.5, -3.41], "size": [1, 3, 2], "inflate": 0.02, "uv": [44, 11]},
						{"origin": [1.4, 12.5, -3.42], "size": [1, 2, 0], "inflate": 0.02, "uv": [48, 11]}
					]
				},
				{
					"name": "eyelid_recoil_left",
					"parent": "eye_left",
					"pivot": [2.4, 14, -2.4],
					"cubes": [
						{"origin": [1.9, 12.5, -3.41], "size": [1, 3, 2], "inflate": 0.02, "uv": [16, 25]}
					]
				},
				{
					"name": "eye_right",
					"parent": "eyes",
					"pivot": [-2.51, 14, -2.51],
					"cubes": [
						{"origin": [-3.01, 12.5, -3.51], "size": [1, 3, 2], "uv": [18, 0], "mirror": true}
					]
				},
				{
					"name": "eye_angry_right",
					"parent": "eye_right",
					"pivot": [-2.4, 15, -2.92],
					"cubes": [
						{"origin": [-2.91, 14.5, -3.42], "size": [1, 1, 0], "inflate": 0.01, "uv": [18, 0], "mirror": true},
						{"origin": [-2.91, 15, -3.42], "size": [0, 1, 1], "inflate": 0.01, "uv": [18, 0], "mirror": true}
					]
				},
				{
					"name": "eye_sad_right",
					"parent": "eye_right",
					"pivot": [-2.9, 15, -2.17],
					"cubes": [
						{"origin": [-2.91, 15, -3.42], "size": [0, 1, 1], "inflate": 0.01, "uv": [18, 4], "mirror": true},
						{"origin": [-2.91, 14.5, -2.42], "size": [0, 1, 1], "inflate": 0.01, "uv": [20, 4], "mirror": true}
					]
				},
				{
					"name": "eye_unamused_right",
					"parent": "eye_right",
					"pivot": [-2.41, 15, -2.42],
					"cubes": [
						{"origin": [-2.91, 14.5, -3.42], "size": [1, 1, 2], "inflate": 0.01, "uv": [12, 24], "mirror": true}
					]
				},
				{
					"name": "pupil_right",
					"parent": "eye_right",
					"pivot": [-2.51, 14.75, -3.52],
					"cubes": [
						{"origin": [-3.01, 14.25, -3.52], "size": [1, 1, 0], "uv": [0, 1], "mirror": true}
					]
				},
				{
					"name": "eyelid_right",
					"parent": "eye_right",
					"pivot": [-2.4, 14, -2.4],
					"cubes": [
						{"origin": [-2.9, 12.5, -3.41], "size": [1, 3, 2], "inflate": 0.02, "uv": [50, 15], "mirror": true}
					]
				},
				{
					"name": "eyelid_happy_right",
					"parent": "eye_right",
					"pivot": [-2.4, 14, -2.4],
					"cubes": [
						{"origin": [-2.9, 12.5, -3.41], "size": [1, 3, 2], "inflate": 0.02, "uv": [44, 16], "mirror": true},
						{"origin": [-2.4, 12.5, -3.42], "size": [1, 2, 0], "inflate": 0.02, "uv": [48, 16], "mirror": true}
					]
				},
				{
					"name": "eyelid_recoil_right",
					"parent": "eye_right",
					"pivot": [-2.4, 14, -2.4],
					"cubes": [
						{"origin": [-2.9, 12.5, -3.41], "size": [1, 3, 2], "inflate": 0.02, "uv": [22, 24], "mirror": true}
					]
				},
				{
					"name": "muzzle",
					"parent": "head",
					"pivot": [0, 11.5, -3.5],
					"rotation": [-5, 0, 0],
					"cubes": [
						{"origin": [-1.5, 11.5, -6.5], "size": [3, 3, 3], "uv": [52, 0]}
					]
				},
				{
					"name": "mouth",
					"parent": "muzzle",
					"pivot": [0, 11.59, -4.75],
					"cubes": [
						{"origin": [-1, 11.59, -5.75], "size": [2, 0, 2], "uv": [49, 0]}
					]
				},
				{
					"name": "nose",
					"parent": "muzzle",
					"pivot": [0, 13.5, -6.5],
					"rotation": [5, 0, 0],
					"cubes": [
						{"origin": [-1, 13, -8], "size": [2, 2, 2], "uv": [56, 6]}
					]
				},
				{
					"name": "ear_right",
					"parent": "head",
					"pivot": [-2.75, 14, 0.25],
					"rotation": [0, 20, -15],
					"cubes": [
						{"origin": [-6.75, 12, 0.25], "size": [4, 3, 0], "uv": [14, 21]}
					]
				},
				{
					"name": "ear_left",
					"parent": "head",
					"pivot": [2.75, 14, 0.25],
					"rotation": [0, -20, 15],
					"cubes": [
						{"origin": [2.75, 12, 0.25], "size": [4, 3, 0], "uv": [15, 12], "mirror": true}
					]
				},
				{
					"name": "torso_top",
					"parent": "body",
					"pivot": [0, 11, -0.5],
					"cubes": [
						{"origin": [-2.5, 7, -3], "size": [5, 4, 5], "uv": [0, 12]},
						{"origin": [-2, 11, -2.5], "size": [4, 3, 4], "uv": [0, 25]}
					]
				},
				{
					"name": "arm_right",
					"parent": "torso_top",
					"pivot": [-2.5, 10.25, -0.5],
					"cubes": [
						{"origin": [-5.5, 10.25, -2.5], "size": [3, 0, 4], "uv": [40, 0]}
					]
				},
				{
					"name": "arm_right2",
					"parent": "arm_right",
					"pivot": [-5.5, 10.25, 1.5],
					"cubes": [
						{"origin": [-8.5, 10.25, -3], "size": [3, 0, 5], "inflate": 0.01, "uv": [33, 0]}
					]
				},
				{
					"name": "arm_right3",
					"parent": "arm_right2",
					"pivot": [-8.5, 10.25, -0.5],
					"cubes": [
						{"origin": [-11.5, 10.25, -3], "size": [3, 0, 5], "uv": [27, 0]}
					]
				},
				{
					"name": "arm_left",
					"parent": "torso_top",
					"pivot": [2.5, 10.25, -0.5],
					"cubes": [
						{"origin": [2.5, 10.25, -2.5], "size": [3, 0, 4], "uv": [28, 5]}
					]
				},
				{
					"name": "arm_left2",
					"parent": "arm_left",
					"pivot": [5.5, 10.25, 1.5],
					"cubes": [
						{"origin": [5.5, 10.25, -3], "size": [3, 0, 5], "inflate": 0.01, "uv": [33, 5]}
					]
				},
				{
					"name": "arm_left3",
					"parent": "arm_left2",
					"pivot": [8.5, 10.25, -0.5],
					"cubes": [
						{"origin": [8.5, 10.25, -3], "size": [3, 0, 5], "uv": [39, 5]}
					]
				},
				{
					"name": "ruff_front",
					"parent": "torso_top",
					"pivot": [0, 11, -3],
					"rotation": [10, 0, 0],
					"cubes": [
						{"origin": [-3.5, 11, -6], "size": [7, 0, 3], "uv": [-3, 21]}
					]
				},
				{
					"name": "ruff_back",
					"parent": "torso_top",
					"pivot": [0, 11, 2],
					"rotation": [-10, 0, 0],
					"cubes": [
						{"origin": [-3.5, 11, 2], "size": [7, 0, 3], "uv": [29, 10]}
					]
				},
				{
					"name": "ruff_right",
					"parent": "torso_top",
					"pivot": [-2.5, 11, -0.5],
					"rotation": [0, 0, -10],
					"cubes": [
						{"origin": [-5.5, 11, -4], "size": [3, 0, 7], "uv": [17, 0]}
					]
				},
				{
					"name": "ruff_left",
					"parent": "torso_top",
					"pivot": [2.5, 11, -0.5],
					"rotation": [0, 0, 10],
					"cubes": [
						{"origin": [2.5, 11, -4], "size": [3, 0, 7], "uv": [17, 7]}
					]
				},
				{
					"name": "torso_bottom",
					"parent": "torso_top",
					"pivot": [0, 7, -2.25],
					"cubes": [
						{"origin": [-2, 4, -2.25], "size": [4, 3, 4], "uv": [20, 14]}
					]
				},
				{
					"name": "torso_bottom2",
					"parent": "torso_bottom",
					"pivot": [0, 4, -1.5],
					"cubes": [
						{"origin": [-1.5, 2, -1.5], "size": [3, 2, 3], "uv": [32, 13]}
					]
				},
				{
					"name": "tail_right",
					"parent": "torso_bottom2",
					"pivot": [-1, 2.75, 0.25],
					"rotation": [10, 0, 45],
					"cubes": [
						{"origin": [-3, -3.25, 0.25], "size": [4, 6, 0], "uv": [56, 16]}
					]
				},
				{
					"name": "tail_left",
					"parent": "torso_bottom2",
					"pivot": [1, 2.75, 0.25],
					"rotation": [10, 0, -45],
					"cubes": [
						{"origin": [-1, -3.25, 0.25], "size": [4, 6, 0], "uv": [56, 10]}
					]
				}
			]
		}
	]
}