{
	"format_version": "1.12.0",
	"minecraft:geometry": [
		{
			"description": {
				"identifier": "geometry.sneasler",
				"texture_width": 128,
				"texture_height": 64,
				"visible_bounds_width": 12,
				"visible_bounds_height": 10,
				"visible_bounds_offset": [0, 3, 0]
			},
			"bones": [
				{
					"name": "sneasler",
					"pivot": [0, 0, 0]
				},
				{
					"name": "body",
					"parent": "sneasler",
					"pivot": [0, 13, 0]
				},
				{
					"name": "waist",
					"parent": "body",
					"pivot": [0, 17.6, 0],
					"cubes": [
						{"origin": [-3.5, 18, -2], "size": [7, 6, 5], "uv": [18, 18]}
					]
				},
				{
					"name": "torso",
					"parent": "waist",
					"pivot": [0, 24, 2.7],
					"cubes": [
						{"origin": [-2.5, 22.7, -1.4], "size": [5, 9, 4], "inflate": 0.1, "uv": [0, 18]},
						{"origin": [-3, 28.8, 2.7], "size": [6, 3, 0], "pivot": [0, 31.8, 2.7], "rotation": [30, 0, 0], "uv": [30, 29]},
						{"origin": [-1, 31.8, -0.4], "size": [2, 2, 2], "uv": [64, 21]}
					]
				},
				{
					"name": "coat",
					"parent": "torso",
					"pivot": [0, 0, 0],
					"cubes": [
						{"origin": [-7, 27, 1], "size": [7, 3, 2], "pivot": [-3.5, 30, 1], "rotation": [90, 0, 0], "uv": [110, 22]},
						{"origin": [0, 19, 3], "size": [7, 13, 2], "uv": [110, 14], "mirror": true},
						{"origin": [1, 27, -1], "size": [5, 5, 2], "uv": [110, 21], "mirror": true},
						{"origin": [0, 27, 1], "size": [7, 3, 2], "pivot": [3.5, 30, 1], "rotation": [90, 0, 0], "uv": [110, 21], "mirror": true},
						{"origin": [-7, 19, 3], "size": [7, 13, 2], "uv": [110, 14]},
						{"origin": [-6, 27, -1], "size": [5, 5, 2], "uv": [112, 21]}
					]
				},
				{
					"name": "feathers",
					"parent": "coat",
					"pivot": [5, 9, 2.75],
					"cubes": [
						{"origin": [-9, 30.5, -0.25], "size": [6, 3, 1], "pivot": [-3, 32, -0.25], "rotation": [-179.44596, -12.48791, -70.06062], "uv": [114, 29], "mirror": true},
						{"origin": [-11, 24.5, 3.25], "size": [6, 3, 1], "pivot": [-5, 26, 4.25], "rotation": [-180, 12.5, -67.5], "uv": [114, 29], "mirror": true},
						{"origin": [-8, 24.5, 3.25], "size": [6, 3, 1], "pivot": [-2, 26, 4.25], "rotation": [175.6639, 11.73507, -87.94582], "uv": [114, 29], "mirror": true},
						{"origin": [-10, 21.5, 3.25], "size": [6, 3, 1], "pivot": [-4, 23, 4.25], "rotation": [175.6639, 11.73507, -87.94582], "uv": [114, 29], "mirror": true},
						{"origin": [-10, 28.5, 3.25], "size": [6, 3, 1], "pivot": [-4, 30, 4.25], "rotation": [175.6639, 11.73507, -87.94582], "uv": [114, 29], "mirror": true},
						{"origin": [-7, 28.5, 3.25], "size": [6, 3, 1], "pivot": [-1, 30, 4.25], "rotation": [177.25285, 12.19908, -80.29362], "uv": [114, 29], "mirror": true},
						{"origin": [-11, 28.5, 3.25], "size": [6, 3, 1], "pivot": [-5, 30, 4.25], "rotation": [-180, 12.5, -67.5], "uv": [114, 29], "mirror": true},
						{"origin": [-11, 31.5, 3.25], "size": [6, 3, 1], "pivot": [-5, 33, 4.25], "rotation": [-180, 12.5, -67.5], "uv": [114, 29], "mirror": true},
						{"origin": [-7, 30.5, 3.25], "size": [6, 3, 1], "pivot": [-1, 32, 4.25], "rotation": [-180, 12.5, -67.5], "uv": [114, 29], "mirror": true},
						{"origin": [1, 30.5, 3.25], "size": [6, 3, 1], "pivot": [1, 32, 4.25], "rotation": [-180, -12.5, 67.5], "uv": [114, 29]},
						{"origin": [-11, 24.5, 3.75], "size": [6, 3, 1], "pivot": [-5, 26, 3.75], "rotation": [180, -12.5, -67.5], "uv": [114, 29], "mirror": true},
						{"origin": [-9, 30.5, 3.25], "size": [6, 3, 1], "pivot": [-3, 32, 4.25], "rotation": [-180, 12.5, -67.5], "uv": [114, 29], "mirror": true},
						{"origin": [-10, 27.5, 3.75], "size": [6, 3, 1], "pivot": [-4, 29, 3.75], "rotation": [177.79538, -12.3071, -57.26228], "uv": [114, 29], "mirror": true},
						{"origin": [-10, 29.5, 0.75], "size": [6, 3, 1], "pivot": [-4, 31, 0.75], "rotation": [177.79538, -12.3071, -57.26228], "uv": [114, 29], "mirror": true}
					]
				},
				{
					"name": "feathers3",
					"parent": "coat",
					"pivot": [-5, 9, 2.75],
					"cubes": [
						{"origin": [5, 24.5, 3.75], "size": [6, 3, 1], "pivot": [5, 26, 3.75], "rotation": [180, 12.5, 67.5], "uv": [114, 29]},
						{"origin": [4, 27.5, 3.75], "size": [6, 3, 1], "pivot": [4, 29, 3.75], "rotation": [177.79538, 12.3071, 57.26228], "uv": [114, 29]},
						{"origin": [4, 29.5, 0.75], "size": [6, 3, 1], "pivot": [4, 31, 0.75], "rotation": [177.79538, 12.3071, 57.26228], "uv": [114, 29]},
						{"origin": [3, 30.5, -0.25], "size": [6, 3, 1], "pivot": [3, 32, -0.25], "rotation": [-179.44596, 12.48791, 70.06062], "uv": [114, 29]},
						{"origin": [5, 24.5, 3.25], "size": [6, 3, 1], "pivot": [5, 26, 4.25], "rotation": [-180, -12.5, 67.5], "uv": [114, 29]},
						{"origin": [2, 24.5, 3.25], "size": [6, 3, 1], "pivot": [2, 26, 4.25], "rotation": [175.6639, -11.73507, 87.94582], "uv": [114, 29]},
						{"origin": [4, 21.5, 3.25], "size": [6, 3, 1], "pivot": [4, 23, 4.25], "rotation": [175.6639, -11.73507, 87.94582], "uv": [114, 29]},
						{"origin": [4, 28.5, 3.25], "size": [6, 3, 1], "pivot": [4, 30, 4.25], "rotation": [175.6639, -11.73507, 87.94582], "uv": [114, 29]},
						{"origin": [1, 28.5, 3.25], "size": [6, 3, 1], "pivot": [1, 30, 4.25], "rotation": [177.25285, -12.19908, 80.29362], "uv": [114, 29]},
						{"origin": [5, 28.5, 3.25], "size": [6, 3, 1], "pivot": [5, 30, 4.25], "rotation": [-180, -12.5, 67.5], "uv": [114, 29]},
						{"origin": [3, 30.5, 3.25], "size": [6, 3, 1], "pivot": [3, 32, 4.25], "rotation": [-180, -12.5, 67.5], "uv": [114, 29]},
						{"origin": [5, 31.5, 3.25], "size": [6, 3, 1], "pivot": [5, 33, 4.25], "rotation": [-180, -12.5, 67.5], "uv": [114, 29]}
					]
				},
				{
					"name": "shoulder_fluff_right",
					"parent": "torso",
					"pivot": [-1.5, 31.8, 0.6],
					"rotation": [0, 0, 15],
					"cubes": [
						{"origin": [-4.5, 31.8, 0.6], "size": [3, 0, 3], "pivot": [-3, 31.8, 0.6], "rotation": [-27, 0, 0], "uv": [53, 32]},
						{"origin": [-4.5, 31.8, -3.4], "size": [3, 0, 4], "pivot": [-3, 31.8, 0.6], "rotation": [30, 0, 0], "uv": [46, 32]}
					]
				},
				{
					"name": "shoulder_fluff_left",
					"parent": "torso",
					"pivot": [1.5, 31.8, 0.6],
					"rotation": [0, 0, -15],
					"cubes": [
						{"origin": [1.5, 31.8, 0.6], "size": [3, 0, 3], "pivot": [3, 31.8, 0.6], "rotation": [-27, 0, 0], "uv": [53, 35], "mirror": true},
						{"origin": [1.5, 31.8, -3.4], "size": [3, 0, 4], "pivot": [3, 31.8, 0.6], "rotation": [30, 0, 0], "uv": [46, 36], "mirror": true}
					]
				},
				{
					"name": "head",
					"parent": "torso",
					"pivot": [0, 33, 0.6],
					"cubes": [
						{"origin": [-5, 33, -4.4], "size": [10, 8, 10], "uv": [0, 0]},
						{"origin": [-5, 32.25, -3.9], "size": [10, 9, 10], "inflate": 0.1, "uv": [59, 46]},
						{"origin": [-0.5, 37.65, -4.41], "size": [1, 2, 0], "uv": [30, 0]},
						{"origin": [-2.5, 34.4, -5.4], "size": [5, 1, 1], "uv": [92, 0]},
						{"origin": [-0.5, 34.4, -5.46], "size": [1, 1, 0], "uv": [8, 6]},
						{"origin": [5, 24, -2.4], "size": [0, 9, 3], "uv": [50, 52]},
						{"origin": [5, 22, -3.4], "size": [0, 3, 3], "uv": [62, 44]},
						{"origin": [-5, 22, -3.4], "size": [0, 3, 3], "uv": [62, 44], "mirror": true},
						{"origin": [-5, 24, -2.4], "size": [0, 9, 3], "uv": [50, 52], "mirror": true}
					]
				},
				{
					"name": "fang",
					"parent": "head",
					"pivot": [1.8, 33.7, -5.4],
					"rotation": [-2.5, 0, -12],
					"cubes": [
						{"origin": [1.3, 33.2, -5.4], "size": [1, 1, 0], "pivot": [1.8, 33.7, -5.4], "rotation": [0, 0, 45], "uv": [8, 7]}
					]
				},
				{
					"name": "fang2",
					"parent": "head",
					"pivot": [-1.7, 34.4, -5],
					"rotation": [-2.5, 0, 0],
					"cubes": [
						{"origin": [-2.2, 33.9, -5], "size": [1, 1, 0], "pivot": [-1.7, 34.4, -5], "rotation": [0, 0, 45], "uv": [8, 8]}
					]
				},
				{
					"name": "jaw",
					"parent": "head",
					"pivot": [0, 33.9, -4.9],
					"cubes": [
						{"origin": [-2.5, 33.4, -5.4], "size": [5, 1, 1], "uv": [92, 2]}
					]
				},
				{
					"name": "mouth",
					"parent": "head",
					"pivot": [0, 33.9, -4.8],
					"cubes": [
						{"origin": [-2.5, 33.4, -4.8], "size": [5, 1, 0], "uv": [0, 9]}
					]
				},
				{
					"name": "eyes",
					"parent": "head",
					"pivot": [0, 35.9, -2.9]
				},
				{
					"name": "eye_right",
					"parent": "eyes",
					"pivot": [-2.45, 36.55, -3.905],
					"rotation": [0, 0, 6],
					"cubes": [
						{"origin": [-4.8, 35.55, -4.4], "size": [4, 2, 1], "inflate": 0.01, "uv": [0, 0]}
					]
				},
				{
					"name": "pupil_right",
					"parent": "eye_right",
					"pivot": [-2.1, 36.55, -3.91],
					"cubes": [
						{"origin": [-2.6, 35.55, -4.4], "size": [1, 2, 1], "inflate": 0.015, "uv": [0, 6]}
					]
				},
				{
					"name": "eyelid_right",
					"parent": "eye_right",
					"pivot": [-2.8, 36.55, -3.8],
					"cubes": [
						{"origin": [-4.8, 35.55, -4.3], "size": [4, 2, 1], "inflate": 0.02, "uv": [74, 27]}
					]
				},
				{
					"name": "eye_left",
					"parent": "eyes",
					"pivot": [2.45, 36.55, -3.905],
					"rotation": [0, 0, -6],
					"cubes": [
						{"origin": [0.8, 35.55, -4.4], "size": [4, 2, 1], "inflate": 0.01, "uv": [0, 3]}
					]
				},
				{
					"name": "pupil_left",
					"parent": "eye_left",
					"pivot": [2.1, 36.55, -3.91],
					"cubes": [
						{"origin": [1.6, 35.55, -4.4], "size": [1, 2, 1], "inflate": 0.015, "uv": [4, 6]}
					]
				},
				{
					"name": "eyelid_left",
					"parent": "eye_left",
					"pivot": [2.8, 36.55, -3.8],
					"cubes": [
						{"origin": [0.8, 35.55, -4.3], "size": [4, 2, 1], "inflate": 0.02, "uv": [74, 30], "mirror": true}
					]
				},
				{
					"name": "ear_left",
					"parent": "head",
					"pivot": [2.05, 41, -0.4],
					"rotation": [-15, 0, 10]
				},
				{
					"name": "fringe",
					"parent": "head",
					"pivot": [1.2, 40.61732, 2.52388],
					"rotation": [67.5, 0, 0],
					"cubes": [
						{"origin": [-0.3, 40.61732, 2.52388], "size": [3, 5, 0], "uv": [116, 58]}
					]
				},
				{
					"name": "fringe3",
					"parent": "fringe",
					"pivot": [1.2, 45.61732, 2.52388],
					"rotation": [37.5, 0, 0],
					"cubes": [
						{"origin": [-1.8, 45.61732, 2.52388], "size": [6, 2, 0], "uv": [113, 56]}
					]
				},
				{
					"name": "bone",
					"parent": "fringe3",
					"pivot": [1, 47.61732, 2.52388],
					"rotation": [52.5, 0, 0],
					"cubes": [
						{"origin": [-3.2, 47.61732, 2.52388], "size": [9, 4, 0], "uv": [110, 52]}
					]
				},
				{
					"name": "bone2",
					"parent": "bone",
					"pivot": [2, 51.61732, 2.52388],
					"rotation": [80, 0, 0],
					"cubes": [
						{"origin": [-2.2, 51.61732, 2.52388], "size": [9, 2, 0], "uv": [110, 50]}
					]
				},
				{
					"name": "bone3",
					"parent": "bone2",
					"pivot": [4, 53.61732, 2.52388],
					"rotation": [-25, 0, 0],
					"cubes": [
						{"origin": [2.8, 53.61732, 2.52388], "size": [5, 5, 0], "uv": [114, 45]}
					]
				},
				{
					"name": "bone4",
					"parent": "bone3",
					"pivot": [4, 58.61732, 2.52388],
					"rotation": [-40, 0, 0],
					"cubes": [
						{"origin": [4.2, 58.61732, 2.52388], "size": [3, 5, 0], "uv": [116, 40]}
					]
				},
				{
					"name": "bone5",
					"parent": "bone4",
					"pivot": [4, 63.61732, 2.52388],
					"rotation": [-47.5, 0, 0],
					"cubes": [
						{"origin": [3.7, 63.61732, 2.52388], "size": [3, 4, 0], "uv": [116, 36]}
					]
				},
				{
					"name": "bone6",
					"parent": "bone5",
					"pivot": [4, 67.61732, 2.52388],
					"rotation": [-67.5, 0, 0],
					"cubes": [
						{"origin": [1.7, 67.61732, 2.52388], "size": [4, 3, 0], "uv": [115, 33]}
					]
				},
				{
					"name": "arm_right",
					"parent": "torso",
					"pivot": [-2.6, 30.1, 0.6],
					"cubes": [
						{"origin": [-10, 29.1, -0.4], "size": [8, 2, 2], "inflate": 0.01, "uv": [30, 0]}
					]
				},
				{
					"name": "arm_right2",
					"parent": "arm_right",
					"pivot": [-10, 31.1, 1.6],
					"cubes": [
						{"origin": [-14, 28.4, -0.9], "size": [4, 3, 3], "uv": [0, 31]},
						{"origin": [-12.5, 29.9, 0.1], "size": [3, 0, 2], "pivot": [-12.5, 29.9, 2.1], "rotation": [0, -50, 0], "uv": [60, 32], "mirror": true}
					]
				},
				{
					"name": "hand_right",
					"parent": "arm_right2",
					"pivot": [-14, 31.4, 0.6],
					"cubes": [
						{"origin": [-20.2, 28.4, -1.4], "size": [6, 3, 4], "inflate": 0.2, "uv": [14, 29]}
					]
				},
				{
					"name": "arm_claw_back_right",
					"parent": "hand_right",
					"pivot": [-20.4, 31.5, 1.5],
					"cubes": [
						{"origin": [-26.4, 29.4, 1.6], "size": [6, 2, 1], "inflate": 0.1, "uv": [4, 52]},
						{"origin": [-28, 27.8, 2.1], "size": [2, 3, 0], "uv": [0, 52]}
					]
				},
				{
					"name": "arm_claw_middle_right",
					"parent": "hand_right",
					"pivot": [-20.4, 31.5, 0.6],
					"cubes": [
						{"origin": [-26.4, 29.4, 0.1], "size": [6, 2, 1], "inflate": 0.1, "uv": [4, 55]},
						{"origin": [-28, 27.8, 0.6], "size": [2, 3, 0], "uv": [0, 55]}
					]
				},
				{
					"name": "arm_claw_front_right",
					"parent": "hand_right",
					"pivot": [-20.4, 31.5, -0.3],
					"cubes": [
						{"origin": [-26.4, 29.4, -1.4], "size": [6, 2, 1], "inflate": 0.1, "uv": [4, 58]},
						{"origin": [-28, 27.8, -0.9], "size": [2, 3, 0], "uv": [0, 58]}
					]
				},
				{
					"name": "arm_left",
					"parent": "torso",
					"pivot": [2.6, 30.1, 0.6],
					"cubes": [
						{"origin": [2, 29.1, -0.4], "size": [8, 2, 2], "inflate": 0.01, "uv": [30, 4]}
					]
				},
				{
					"name": "arm_left2",
					"parent": "arm_left",
					"pivot": [10, 31.1, 1.6],
					"cubes": [
						{"origin": [10, 28.4, -0.9], "size": [4, 3, 3], "uv": [0, 37]},
						{"origin": [9.5, 29.9, 0.1], "size": [3, 0, 2], "pivot": [12.5, 29.9, 2.1], "rotation": [0, 50, 0], "uv": [60, 34]}
					]
				},
				{
					"name": "hand_left",
					"parent": "arm_left2",
					"pivot": [14, 31.4, 0.6],
					"cubes": [
						{"origin": [14.2, 28.4, -1.4], "size": [6, 3, 4], "inflate": 0.2, "uv": [14, 36]}
					]
				},
				{
					"name": "arm_claw_back_left",
					"parent": "hand_left",
					"pivot": [20.4, 31.5, 1.5],
					"cubes": [
						{"origin": [20.4, 29.4, 1.6], "size": [6, 2, 1], "inflate": 0.1, "uv": [4, 43]},
						{"origin": [26, 27.8, 2.1], "size": [2, 3, 0], "uv": [0, 43]}
					]
				},
				{
					"name": "arm_claw_middle_left",
					"parent": "hand_left",
					"pivot": [20.4, 31.5, 0.6],
					"cubes": [
						{"origin": [20.4, 29.4, 0.1], "size": [6, 2, 1], "inflate": 0.1, "uv": [4, 46]},
						{"origin": [26, 27.8, 0.6], "size": [2, 3, 0], "uv": [0, 46]}
					]
				},
				{
					"name": "arm_claw_front_left",
					"parent": "hand_left",
					"pivot": [20.4, 31.5, -0.3],
					"cubes": [
						{"origin": [20.4, 29.4, -1.4], "size": [6, 2, 1], "inflate": 0.1, "uv": [4, 49]},
						{"origin": [26, 27.8, -0.9], "size": [2, 3, 0], "uv": [0, 49]}
					]
				},
				{
					"name": "tail",
					"parent": "waist",
					"pivot": [0, 20.55, 3],
					"cubes": [
						{"origin": [0, 20.55, 2], "size": [3, 0, 10], "pivot": [0, 20.55, 6], "rotation": [0, 0, 32], "uv": [100, 0]},
						{"origin": [-3, 20.55, 2], "size": [3, 0, 10], "pivot": [0, 20.55, 6], "rotation": [0, 0, -32], "uv": [94, 0]}
					]
				},
				{
					"name": "leg_right",
					"parent": "body",
					"pivot": [-2.3, 18, 0.7],
					"cubes": [
						{"origin": [-3.8, 10.7, -0.8], "size": [3, 8, 3], "inflate": -0.1, "uv": [50, 0]}
					]
				},
				{
					"name": "leg_right2",
					"parent": "leg_right",
					"pivot": [-2.3, 10.9, -0.7],
					"cubes": [
						{"origin": [-4.3, 4.8, -1.3], "size": [4, 6, 4], "inflate": 0.1, "uv": [40, 11]}
					]
				},
				{
					"name": "leg_right3",
					"parent": "leg_right2",
					"pivot": [-2.3, 6.6, 0.8],
					"cubes": [
						{"origin": [-5.3, 1.7, -2.3], "size": [6, 5, 6], "inflate": -0.1, "uv": [74, 0]}
					]
				},
				{
					"name": "foot_right",
					"parent": "leg_right3",
					"pivot": [-1.8, 1.8, 3.6],
					"cubes": [
						{"origin": [-5.3, -0.1, -2.3], "size": [6, 2, 6], "inflate": -0.09, "uv": [72, 11]},
						{"origin": [-7.2, 0.4, -2.3], "size": [2, 0, 6], "pivot": [-5.2, 0.4, 0.7], "rotation": [0, 0, -10], "uv": [28, 32]},
						{"origin": [0.6, 0.4, -2.3], "size": [2, 0, 6], "pivot": [0.6, 0.4, 0.7], "rotation": [0, 0, 10], "uv": [40, 32]},
						{"origin": [-5.3, 0.4, 3.6], "size": [6, 0, 2], "pivot": [-2.3, 0.4, 3.6], "rotation": [-10, 0, 0], "uv": [32, 40]}
					]
				},
				{
					"name": "foot_claw_inner_right",
					"parent": "foot_right",
					"pivot": [0.6, -0.1, -2],
					"rotation": [0, 5, 0],
					"cubes": [
						{"origin": [-0.6, 0, -4], "size": [1, 2, 2], "uv": [24, 43]},
						{"origin": [-0.1, 0, -6], "size": [0, 2, 2], "uv": [42, 19]}
					]
				},
				{
					"name": "foot_claw_middle_right",
					"parent": "foot_right",
					"pivot": [-2.3, -0.1, -2],
					"cubes": [
						{"origin": [-3.3, 0, -4], "size": [2, 2, 2], "uv": [26, 47]},
						{"origin": [-2.3, 0, -6], "size": [0, 2, 2], "uv": [42, 21]}
					]
				},
				{
					"name": "foot_claw_outer_right",
					"parent": "foot_right",
					"pivot": [-5.2, -0.1, -2],
					"rotation": [0, -5, 0],
					"cubes": [
						{"origin": [-5, 0, -4], "size": [1, 2, 2], "uv": [24, 51]},
						{"origin": [-4.5, 0, -6], "size": [0, 2, 2], "uv": [42, 23]}
					]
				},
				{
					"name": "leg_left",
					"parent": "body",
					"pivot": [2.3, 18, 0.7],
					"cubes": [
						{"origin": [0.8, 10.7, -0.8], "size": [3, 8, 3], "inflate": -0.1, "uv": [62, 0]}
					]
				},
				{
					"name": "leg_left2",
					"parent": "leg_left",
					"pivot": [2.3, 10.9, -0.7],
					"cubes": [
						{"origin": [0.3, 4.8, -1.3], "size": [4, 6, 4], "inflate": 0.1, "uv": [56, 11]}
					]
				},
				{
					"name": "leg_left3",
					"parent": "leg_left2",
					"pivot": [2.3, 6.6, 0.8],
					"cubes": [
						{"origin": [-0.7, 1.7, -2.3], "size": [6, 5, 6], "inflate": -0.1, "uv": [42, 21]}
					]
				},
				{
					"name": "foot_left",
					"parent": "leg_left3",
					"pivot": [1.8, 1.8, 3.6],
					"cubes": [
						{"origin": [-0.7, -0.1, -2.3], "size": [6, 2, 6], "inflate": -0.09, "uv": [66, 19]},
						{"origin": [5.2, 0.4, -2.3], "size": [2, 0, 6], "pivot": [5.2, 0.4, 0.7], "rotation": [0, 0, 10], "uv": [32, 32]},
						{"origin": [-2.6, 0.4, -2.3], "size": [2, 0, 6], "pivot": [-0.6, 0.4, 0.7], "rotation": [0, 0, -10], "uv": [36, 32]},
						{"origin": [-0.7, 0.4, 3.6], "size": [6, 0, 2], "pivot": [2.3, 0.4, 3.6], "rotation": [-10, 0, 0], "uv": [32, 38]}
					]
				},
				{
					"name": "foot_claw_inner_left",
					"parent": "foot_left",
					"pivot": [-0.6, -0.1, -2],
					"rotation": [0, -5, 0],
					"cubes": [
						{"origin": [-0.4, 0, -4], "size": [1, 2, 2], "uv": [18, 43]},
						{"origin": [0.1, 0, -6], "size": [0, 2, 2], "uv": [60, 19]}
					]
				},
				{
					"name": "foot_claw_middle_left",
					"parent": "foot_left",
					"pivot": [2.3, -0.1, -2],
					"cubes": [
						{"origin": [1.3, 0, -4], "size": [2, 2, 2], "uv": [18, 47]},
						{"origin": [2.3, 0, -6], "size": [0, 2, 2], "uv": [60, 21]}
					]
				},
				{
					"name": "foot_claw_outer_left",
					"parent": "foot_left",
					"pivot": [5.2, -0.1, -2],
					"rotation": [0, 5, 0],
					"cubes": [
						{"origin": [4, 0, -4], "size": [1, 2, 2], "uv": [18, 51]},
						{"origin": [4.5, 0, -6], "size": [0, 2, 2], "uv": [60, 23]}
					]
				},
				{
					"name": "feather4",
					"pivot": [0.2, 56, 0.6]
				},
				{
					"name": "feather3",
					"pivot": [0.2, 51, 0.6]
				}
			]
		}
	]
}