{
	"format_version": "1.12.0",
	"minecraft:geometry": [
		{
			"description": {
				"identifier": "geometry.stufful",
				"texture_width": 64,
				"texture_height": 32,
				"visible_bounds_width": 3,
				"visible_bounds_height": 2.5,
				"visible_bounds_offset": [0, 0.75, 0]
			},
			"bones": [
				{
					"name": "stufful",
					"pivot": [0, 0, 0]
				},
				{
					"name": "body",
					"parent": "stufful",
					"pivot": [0, 0, 0]
				},
				{
					"name": "torso",
					"parent": "body",
					"pivot": [0, 6, 2.4],
					"cubes": [
						{"origin": [-3, 4, -4], "size": [6, 5, 8], "uv": [0, 16]}
					]
				},
				{
					"name": "head",
					"parent": "torso",
					"pivot": [0, 7.75, -2.55],
					"cubes": [
						{"origin": [-5, 6.5, -9.5], "size": [10, 8, 8], "uv": [0, 0]},
						{"origin": [-1, 8.85, -9.5], "size": [2, 1, 0], "inflate": 0.04, "uv": [20, 16]},
						{"origin": [-2.5, 7.1, -9.5], "size": [5, 3, 0], "inflate": 0.03, "uv": [0, 29]}
					]
				},
				{
					"name": "mouth",
					"parent": "head",
					"pivot": [0, 7.75, -9.45],
					"cubes": [
						{"origin": [-2.5, 7.1, -9.49], "size": [5, 3, 0], "inflate": 0.03, "uv": [40, 29]},
						{"origin": [-1, 8.85, -9.49], "size": [2, 1, 0], "inflate": 0.04, "uv": [20, 16]},
						{"origin": [-2.5, 6.55, -9.49], "size": [5, 2, 0], "uv": [30, 30]}
					]
				},
				{
					"name": "eyes",
					"parent": "head",
					"pivot": [0, 10.5, -9]
				},
				{
					"name": "eye_right",
					"parent": "eyes",
					"pivot": [-2.2, 10.5, -9.5],
					"rotation": [0, 0, -2.5],
					"cubes": [
						{"origin": [-3.2, 9, -9.5], "size": [2, 3, 0], "inflate": 0.01, "uv": [10, 29], "mirror": true}
					]
				},
				{
					"name": "eyelid_right",
					"parent": "eye_right",
					"pivot": [-2.2, 10.5, -9.4],
					"cubes": [
						{"origin": [-3.2, 9, -9.4], "size": [2, 3, 1], "inflate": 0.02, "uv": [32, 16], "mirror": true}
					]
				},
				{
					"name": "eye_v_right",
					"parent": "eye_right",
					"pivot": [-2.6, 10.5, -9.3],
					"cubes": [
						{"origin": [-2.8, 9.8, -9.43], "size": [2, 2, 0], "pivot": [-1.8, 9.8, -15.3], "rotation": [0, 0, -45], "uv": [18, 29]},
						{"origin": [-3.8, 8.4, -9.42], "size": [3, 4, 0], "uv": [26, 29]}
					]
				},
				{
					"name": "eye_left",
					"parent": "eyes",
					"pivot": [2.2, 10.5, -9.5],
					"rotation": [0, 0, 2.5],
					"cubes": [
						{"origin": [1.2, 9, -9.5], "size": [2, 3, 0], "inflate": 0.01, "uv": [14, 29]}
					]
				},
				{
					"name": "eyelid_left",
					"parent": "eye_left",
					"pivot": [2.2, 10.5, -9.4],
					"cubes": [
						{"origin": [1.2, 9, -9.4], "size": [2, 3, 1], "inflate": 0.02, "uv": [0, 18]}
					]
				},
				{
					"name": "eye_v_left",
					"parent": "eye_left",
					"pivot": [2.4, 10.5, -9.3],
					"cubes": [
						{"origin": [0.8, 9.8, -9.43], "size": [2, 2, 0], "pivot": [1.8, 9.8, -15.3], "rotation": [0, 0, 45], "uv": [22, 29]},
						{"origin": [0.8, 8.4, -9.42], "size": [3, 4, 0], "uv": [26, 29]}
					]
				},
				{
					"name": "ear_right_upper",
					"parent": "head",
					"pivot": [-3.5, 11.5, -6],
					"rotation": [4.863, 8.22958, 47.95551],
					"cubes": [
						{"origin": [-11.5, 9, -6], "size": [8, 5, 0], "uv": [28, 24]}
					]
				},
				{
					"name": "ear_right_bottom",
					"parent": "head",
					"pivot": [-4.4, 10.1, -5.8],
					"rotation": [-3.23037, 6.786, -37.97246],
					"cubes": [
						{"origin": [-7.4, 9.1, -5.8], "size": [3, 2, 0], "uv": [0, 16]}
					]
				},
				{
					"name": "ear_left_upper",
					"parent": "head",
					"pivot": [3.5, 11.5, -6],
					"rotation": [4.863, -8.22958, -47.95551],
					"cubes": [
						{"origin": [3.5, 9, -6], "size": [8, 5, 0], "uv": [44, 24]}
					]
				},
				{
					"name": "ear_left_bottom",
					"parent": "head",
					"pivot": [4.4, 10.1, -5.8],
					"rotation": [-3.23037, -6.786, 37.97246],
					"cubes": [
						{"origin": [4.4, 9.1, -5.8], "size": [3, 2, 0], "uv": [0, 6]}
					]
				},
				{
					"name": "tail",
					"parent": "torso",
					"pivot": [0, 7.9, 3.1],
					"rotation": [40, 0, 0],
					"cubes": [
						{"origin": [-1.5, 6.4, 3.1], "size": [3, 3, 1], "uv": [0, 0]},
						{"origin": [-2, 5.9, 4.1], "size": [4, 4, 4], "uv": [20, 16]}
					]
				},
				{
					"name": "tag",
					"parent": "torso",
					"pivot": [0, 5.9, 4],
					"rotation": [-5, 0, 0],
					"cubes": [
						{"origin": [0, 4.9, 3.5], "size": [0, 2, 3], "uv": [0, 1]}
					]
				},
				{
					"name": "leg_back_right",
					"parent": "body",
					"pivot": [-2.25, 6, 2.525],
					"cubes": [
						{"origin": [-3.75, 3, 1.025], "size": [3, 4, 3], "inflate": 0.01, "uv": [40, 14]}
					]
				},
				{
					"name": "leg_back_right2",
					"parent": "leg_back_right",
					"pivot": [-2.25, 3, 1.025],
					"cubes": [
						{"origin": [-3.75, 0, 1.025], "size": [3, 3, 3], "uv": [52, 18]}
					]
				},
				{
					"name": "leg_front_right",
					"parent": "body",
					"pivot": [-2.25, 6, -3.525],
					"cubes": [
						{"origin": [-3.75, 3, -5.025], "size": [3, 4, 3], "inflate": 0.01, "uv": [40, 7]}
					]
				},
				{
					"name": "leg_front_right2",
					"parent": "leg_front_right",
					"pivot": [-2.25, 3, -2.025],
					"cubes": [
						{"origin": [-3.75, 0, -5.025], "size": [3, 3, 3], "uv": [52, 12]}
					]
				},
				{
					"name": "leg_front_left",
					"parent": "body",
					"pivot": [2.25, 6, -3.525],
					"cubes": [
						{"origin": [0.75, 3, -5.025], "size": [3, 4, 3], "inflate": 0.01, "uv": [40, 0]}
					]
				},
				{
					"name": "leg_front_left2",
					"parent": "leg_front_left",
					"pivot": [2.25, 3, -2.025],
					"cubes": [
						{"origin": [0.75, 0, -5.025], "size": [3, 3, 3], "uv": [52, 6]}
					]
				},
				{
					"name": "leg_back_left",
					"parent": "body",
					"pivot": [2.25, 6, 2.525],
					"cubes": [
						{"origin": [0.75, 3, 1.025], "size": [3, 4, 3], "inflate": 0.01, "uv": [28, 0]}
					]
				},
				{
					"name": "leg_back_left2",
					"parent": "leg_back_left",
					"pivot": [2.25, 3, 1.025],
					"cubes": [
						{"origin": [0.75, 0, 1.025], "size": [3, 3, 3], "uv": [52, 0]}
					]
				}
			]
		}
	]
}