{
	"format_version": "1.12.0",
	"minecraft:geometry": [
		{
			"description": {
				"identifier": "geometry.swanna",
				"texture_width": 128,
				"texture_height": 128,
				"visible_bounds_width": 7,
				"visible_bounds_height": 3.5,
				"visible_bounds_offset": [0, 1.25, 0]
			},
			"bones": [
				{
					"name": "swanna",
					"pivot": [0, 0, 0]
				},
				{
					"name": "body",
					"parent": "swanna",
					"pivot": [0, 13, 0]
				},
				{
					"name": "torso",
					"parent": "body",
					"pivot": [0, 8.6, 3.5],
					"rotation": [-8, 0, 0],
					"cubes": [
						{"origin": [-6, 6.6, -7.5], "size": [12, 11, 15], "uv": [0, 0]},
						{"origin": [-0.5, 7.6, -7.5], "size": [1, 3, 0], "inflate": 0.005, "uv": [28, 26]}
					]
				},
				{
					"name": "wings",
					"parent": "torso",
					"pivot": [0, 14.6, -0.5]
				},
				{
					"name": "wings_open",
					"parent": "wings",
					"pivot": [0.5, 11.6, -0.5]
				},
				{
					"name": "wing_open_left",
					"parent": "wings_open",
					"pivot": [5.5, 17.1, -3.5],
					"cubes": [
						{"origin": [3.5, 15.6, -4.9], "size": [9, 3, 8], "uv": [58, 41]},
						{"origin": [3.5, 17.1, 3.1], "size": [9, 0, 7], "uv": [13, 95]}
					]
				},
				{
					"name": "wing_open_left2",
					"parent": "wing_open_left",
					"pivot": [12.5, 17.1, -4.9],
					"cubes": [
						{"origin": [12, 16.1, -5.9], "size": [12, 2, 10], "uv": [75, 0]},
						{"origin": [11, 17.2, 3.1], "size": [14, 0, 8], "uv": [-7, 103]}
					]
				},
				{
					"name": "wing_open_left3",
					"parent": "wing_open_left2",
					"pivot": [24, 17.1, -5.4],
					"cubes": [
						{"origin": [24, 16.6, -5.4], "size": [8, 1, 8], "uv": [0, 59]},
						{"origin": [23, 17.1, -5.4], "size": [9, 0, 15], "uv": [5, 112]}
					]
				},
				{
					"name": "wing_open_left4",
					"parent": "wing_open_left3",
					"pivot": [32, 17.1, 2.6],
					"cubes": [
						{"origin": [32, 17.1, -5.4], "size": [8, 0, 14], "uv": [25, 113]}
					]
				},
				{
					"name": "wing_open_left5",
					"parent": "wing_open_left4",
					"pivot": [40, 17.1, 2.6],
					"cubes": [
						{"origin": [40, 17.1, -4.4], "size": [7, 0, 10], "uv": [78, 117]}
					]
				},
				{
					"name": "wing_open_right",
					"parent": "wings_open",
					"pivot": [-4.5, 17.1, -3.5],
					"cubes": [
						{"origin": [-12.5, 15.6, -4.9], "size": [9, 3, 8], "uv": [84, 38]},
						{"origin": [-12.5, 17.1, 3.1], "size": [9, 0, 7], "uv": [-6, 95]}
					]
				},
				{
					"name": "wing_open_right2",
					"parent": "wing_open_right",
					"pivot": [-12.5, 17.1, -4.9],
					"cubes": [
						{"origin": [-24, 16.1, -5.9], "size": [12, 2, 10], "uv": [80, 26]},
						{"origin": [-25, 17.2, 3.1], "size": [14, 0, 8], "uv": [22, 103]}
					]
				},
				{
					"name": "wing_open_right3",
					"parent": "wing_open_right2",
					"pivot": [-24, 17.1, -5.4],
					"cubes": [
						{"origin": [-32, 16.6, -5.4], "size": [8, 1, 8], "uv": [24, 63]},
						{"origin": [-32, 17.1, -5.4], "size": [9, 0, 15], "uv": [-14, 112]}
					]
				},
				{
					"name": "wing_open_right4",
					"parent": "wing_open_right3",
					"pivot": [-32, 17.1, 2.6],
					"cubes": [
						{"origin": [-40, 17.1, -5.4], "size": [8, 0, 14], "uv": [42, 113]}
					]
				},
				{
					"name": "wing_open_right5",
					"parent": "wing_open_right4",
					"pivot": [-40, 17.1, 2.6],
					"cubes": [
						{"origin": [-47, 17.1, -4.4], "size": [7, 0, 10], "uv": [63, 117]}
					]
				},
				{
					"name": "wings_closed",
					"parent": "wings",
					"pivot": [0.5, 11.6, -0.5]
				},
				{
					"name": "wing_closed_left",
					"parent": "wings_closed",
					"pivot": [6, 15.1, -3],
					"rotation": [75, 2.5, -10],
					"cubes": [
						{"origin": [4.5, 13.1, -7], "size": [3, 4, 7], "uv": [76, 52]}
					]
				},
				{
					"name": "wing_closed_left2",
					"parent": "wing_closed_left",
					"pivot": [6, 14.1, -4],
					"rotation": [7.5, 0, 0],
					"cubes": [
						{"origin": [4, 5.1, -9], "size": [4, 9, 10], "uv": [0, 40]}
					]
				},
				{
					"name": "wing_closed_left3",
					"parent": "wing_closed_left2",
					"pivot": [6.5, 5.1, -6],
					"rotation": [12, 0, 7.5],
					"cubes": [
						{"origin": [5.5, 1.6, -8], "size": [2, 4, 8], "uv": [108, 59]}
					]
				},
				{
					"name": "wing_closed_left4",
					"parent": "wing_closed_left3",
					"pivot": [6.5, 1.6, -5.5],
					"rotation": [15, 0, 0],
					"cubes": [
						{"origin": [6.5, -3.9, -7], "size": [0, 6, 6], "uv": [16, 82]}
					]
				},
				{
					"name": "wing_closed_right",
					"parent": "wings_closed",
					"pivot": [-6, 15.1, -3],
					"rotation": [75, -2.5, 10],
					"cubes": [
						{"origin": [-7.5, 13.1, -7], "size": [3, 4, 7], "uv": [56, 52]}
					]
				},
				{
					"name": "wing_closed_right2",
					"parent": "wing_closed_right",
					"pivot": [-6, 14.1, -4],
					"rotation": [7.5, 0, 0],
					"cubes": [
						{"origin": [-8, 5.1, -9], "size": [4, 9, 10], "uv": [28, 44]}
					]
				},
				{
					"name": "wing_closed_right3",
					"parent": "wing_closed_right2",
					"pivot": [-6.5, 5.1, -6],
					"rotation": [12, 0, -7.5],
					"cubes": [
						{"origin": [-7.5, 1.6, -8], "size": [2, 4, 8], "uv": [88, 59]}
					]
				},
				{
					"name": "wing_closed_right4",
					"parent": "wing_closed_right3",
					"pivot": [-6.5, 1.6, -5.5],
					"rotation": [15, 0, 0],
					"cubes": [
						{"origin": [-6.5, -3.9, -7], "size": [0, 6, 6], "uv": [16, 75]}
					]
				},
				{
					"name": "wings_pose",
					"parent": "wings",
					"pivot": [0.5, 11.6, -0.5]
				},
				{
					"name": "wing_pose_left",
					"parent": "wings_pose",
					"pivot": [4.5, 16.6, -3.5],
					"rotation": [-7.7, -13.8, -30.7],
					"cubes": [
						{"origin": [2.5, 14.6, -4.5], "size": [9, 4, 10], "uv": [0, 26]}
					]
				},
				{
					"name": "wing_pose_left2",
					"parent": "wing_pose_left",
					"pivot": [11.2, 16.1, -3],
					"rotation": [-5, -5, 135],
					"cubes": [
						{"origin": [10.2, 15.5, -5], "size": [12, 3, 11], "uv": [43, 15]}
					]
				},
				{
					"name": "wing_pose_left3",
					"parent": "wing_pose_left2",
					"pivot": [22.24354, 16.47323, 0.05488],
					"rotation": [0, 0, 10],
					"cubes": [
						{"origin": [21.7, 15.5, -4], "size": [1, 6, 11], "uv": [45, 63]}
					]
				},
				{
					"name": "wing_pose_left4",
					"parent": "wing_pose_left3",
					"pivot": [22.24354, 21.47323, 1.05488],
					"rotation": [0, 0, -27.5],
					"cubes": [
						{"origin": [22.2, 21.5, -4], "size": [0, 4, 11], "uv": [59, 91]}
					]
				},
				{
					"name": "wing_pose_right",
					"parent": "wings_pose",
					"pivot": [-4.5, 16.6, -3.5],
					"rotation": [-7.7, 13.8, 30.7],
					"cubes": [
						{"origin": [-11.5, 14.6, -4.5], "size": [9, 4, 10], "uv": [28, 30]}
					]
				},
				{
					"name": "wing_pose_right2",
					"parent": "wing_pose_right",
					"pivot": [-11.2, 16.1, -3],
					"rotation": [-5, 5, -135],
					"cubes": [
						{"origin": [-22.2, 15.5, -5], "size": [12, 3, 11], "uv": [78, 12]}
					]
				},
				{
					"name": "wing_pose_right3",
					"parent": "wing_pose_right2",
					"pivot": [-22.24354, 16.47323, 0.05488],
					"rotation": [0, 0, -10],
					"cubes": [
						{"origin": [-22.7, 15.5, -4], "size": [1, 6, 11], "uv": [69, 63]}
					]
				},
				{
					"name": "wing_pose_right4",
					"parent": "wing_pose_right3",
					"pivot": [-22.24354, 21.47323, 1.05488],
					"rotation": [0, 0, 27.5],
					"cubes": [
						{"origin": [-22.2, 21.5, -4], "size": [0, 4, 11], "uv": [59, 96]}
					]
				},
				{
					"name": "neck",
					"parent": "torso",
					"pivot": [0.5, 16.6, -6.5],
					"rotation": [55, 0, 0],
					"cubes": [
						{"origin": [-2, 14.6, -8.5], "size": [4, 7, 4], "uv": [58, 63]}
					]
				},
				{
					"name": "neck2",
					"parent": "neck",
					"pivot": [0, 21.6, -5.5],
					"cubes": [
						{"origin": [-1.5, 21.6, -8], "size": [3, 6, 3], "uv": [18, 41]}
					]
				},
				{
					"name": "neck3",
					"parent": "neck2",
					"pivot": [0, 27.6, -5.5],
					"cubes": [
						{"origin": [-1.5, 27.6, -8], "size": [3, 6, 3], "inflate": -0.005, "uv": [46, 44]}
					]
				},
				{
					"name": "head",
					"parent": "neck3",
					"pivot": [0, 32.1, -6],
					"cubes": [
						{"origin": [-2.5, 31.61, -12], "size": [5, 4, 7], "uv": [56, 29]},
						{"origin": [-1, 31.61, -12], "size": [2, 1, 0], "inflate": 0.005, "uv": [114, 71]},
						{"origin": [-3, 33.6, -12.3], "size": [6, 2, 4], "pivot": [0, 33.6, -8.3], "rotation": [-7.5, 0, 0], "uv": [56, 81]}
					]
				},
				{
					"name": "eyes",
					"parent": "head",
					"pivot": [0.5, 32.9, -7]
				},
				{
					"name": "eye_left",
					"parent": "eyes",
					"pivot": [0.5, 32.9, -7],
					"cubes": [
						{"origin": [2.5, 32.91, -12], "size": [0, 2, 3], "inflate": 0.005, "uv": [0, -1]},
						{"origin": [2.5, 34.41, -12], "size": [0, 1, 3], "inflate": 0.01, "uv": [9, 11]}
					]
				},
				{
					"name": "pupil_left",
					"parent": "eye_left",
					"pivot": [0.5, 32.9, -7],
					"cubes": [
						{"origin": [1.5, 32.91, -12], "size": [1, 1, 1], "inflate": 0.01, "uv": [0, 11]}
					]
				},
				{
					"name": "eye_right",
					"parent": "eyes",
					"pivot": [-0.5, 32.9, -7],
					"cubes": [
						{"origin": [-2.5, 32.91, -12], "size": [0, 2, 3], "inflate": 0.005, "uv": [0, -3]},
						{"origin": [-2.5, 34.41, -12], "size": [0, 1, 3], "inflate": 0.01, "uv": [9, 10]}
					]
				},
				{
					"name": "pupil_right",
					"parent": "eye_right",
					"pivot": [-0.5, 32.9, -7],
					"cubes": [
						{"origin": [-2.5, 32.91, -12], "size": [1, 1, 1], "inflate": 0.01, "uv": [0, 13]}
					]
				},
				{
					"name": "eyelid_left",
					"parent": "eyes",
					"pivot": [1.9, 33.91, -10.4],
					"cubes": [
						{"origin": [1.4, 32.91, -11.9], "size": [1, 2, 3], "inflate": 0.015, "uv": [7, 5], "mirror": true}
					]
				},
				{
					"name": "eyelid_right",
					"parent": "eyes",
					"pivot": [-1.9, 33.91, -10.4],
					"cubes": [
						{"origin": [-2.4, 32.91, -11.9], "size": [1, 2, 3], "inflate": 0.015, "uv": [7, 0]}
					]
				},
				{
					"name": "hair_left",
					"parent": "head",
					"pivot": [2.5, 33.6, -6],
					"rotation": [10, 20, 0],
					"cubes": [
						{"origin": [1.5, 31.3, -7], "size": [3, 5, 5], "uv": [105, 49]}
					]
				},
				{
					"name": "hair_left2",
					"parent": "hair_left",
					"pivot": [3, 36.3, -5],
					"rotation": [17.5, 0, 0],
					"cubes": [
						{"origin": [3, 35.3, -7.5], "size": [0, 4, 5], "uv": [29, 80]}
					]
				},
				{
					"name": "hair_right",
					"parent": "head",
					"pivot": [-2.5, 33.6, -6],
					"rotation": [10, -20, 0],
					"cubes": [
						{"origin": [-4.5, 31.3, -7], "size": [3, 5, 5], "uv": [89, 49]}
					]
				},
				{
					"name": "hair_right2",
					"parent": "hair_right",
					"pivot": [-3, 36.3, -5],
					"rotation": [17.5, 0, 0],
					"cubes": [
						{"origin": [-3, 35.3, -7.5], "size": [0, 4, 5], "uv": [29, 85]}
					]
				},
				{
					"name": "beak",
					"parent": "head",
					"pivot": [0, 33.4, -12],
					"cubes": [
						{"origin": [-1.5, 32.6, -17], "size": [3, 1, 5], "uv": [103, 71]},
						{"origin": [-1, 32.6, -20], "size": [2, 1, 8], "inflate": 0.01, "uv": [91, 72]}
					]
				},
				{
					"name": "jaw",
					"parent": "head",
					"pivot": [0, 32.6, -11.9],
					"rotation": [-5, 0, 0],
					"cubes": [
						{"origin": [-1, 31.6, -16.4], "size": [2, 1, 5], "uv": [114, 72]}
					]
				},
				{
					"name": "tail",
					"parent": "torso",
					"pivot": [0, 13.1, 7.5],
					"rotation": [10, 0, 0],
					"cubes": [
						{"origin": [-4.5, 8.1, 5.5], "size": [9, 9, 6], "uv": [39, 0]}
					]
				},
				{
					"name": "tail_feathers_middle",
					"parent": "tail",
					"pivot": [0, 13.1, 11.5],
					"rotation": [7.5, 0, 0],
					"cubes": [
						{"origin": [0, 9.1, 10.5], "size": [0, 7, 8], "uv": [39, 87]}
					]
				},
				{
					"name": "tail_feathers_left",
					"parent": "tail",
					"pivot": [2.5, 13.1, 11.5],
					"rotation": [7.85952, 17.34551, 19.85666],
					"cubes": [
						{"origin": [2.5, 9.1, 9.5], "size": [0, 7, 7], "uv": [1, 72]}
					]
				},
				{
					"name": "tail_feathers_right",
					"parent": "tail",
					"pivot": [-2.5, 13.1, 11.5],
					"rotation": [7.85952, -17.34551, -19.85666],
					"cubes": [
						{"origin": [-2.5, 9.1, 9.5], "size": [0, 7, 7], "uv": [1, 80]}
					]
				},
				{
					"name": "legs",
					"parent": "body",
					"pivot": [0, 6, 3.5]
				},
				{
					"name": "leg_left",
					"parent": "legs",
					"pivot": [2.5, 6, 3.5],
					"cubes": [
						{"origin": [1, 4, 1], "size": [3, 4, 5], "uv": [109, 0]}
					]
				},
				{
					"name": "leg_left2",
					"parent": "leg_left",
					"pivot": [2.5, 4, 4],
					"rotation": [-12.5, 0, 0],
					"cubes": [
						{"origin": [1.5, 0, 4], "size": [2, 4, 0], "pivot": [2.5, 2, 4], "rotation": [0, -15, 0], "uv": [39, 0]}
					]
				},
				{
					"name": "foot_left",
					"parent": "leg_left2",
					"pivot": [2.5, 0, 4],
					"rotation": [12.5, 0, 0],
					"cubes": [
						{"origin": [0, 0, 0], "size": [5, 0, 6], "uv": [97, 121]}
					]
				},
				{
					"name": "leg_right",
					"parent": "legs",
					"pivot": [-2.5, 6, 3.5],
					"cubes": [
						{"origin": [-4, 4, 1], "size": [3, 4, 5], "uv": [69, 0]}
					]
				},
				{
					"name": "leg_right2",
					"parent": "leg_right",
					"pivot": [-2.5, 4, 4],
					"rotation": [-12.5, 0, 0],
					"cubes": [
						{"origin": [-3.5, 0, 4], "size": [2, 4, 0], "pivot": [-2.5, 2, 4], "rotation": [0, 15, 0], "uv": [63, 0]}
					]
				},
				{
					"name": "foot_right",
					"parent": "leg_right2",
					"pivot": [-2.5, 0, 4],
					"rotation": [12.5, 0, 0],
					"cubes": [
						{"origin": [-5, 0, 0], "size": [5, 0, 6], "uv": [108, 121]}
					]
				}
			]
		}
	]
}