{
	"format_version": "1.12.0",
	"minecraft:geometry": [
		{
			"description": {
				"identifier": "geometry.wailord",
				"texture_width": 512,
				"texture_height": 128,
				"visible_bounds_width": 11,
				"visible_bounds_height": 6,
				"visible_bounds_offset": [0, 2, 0]
			},
			"bones": [
				{
					"name": "wailord",
					"pivot": [0, 0, 0]
				},
				{
					"name": "body",
					"parent": "wailord",
					"pivot": [0, 0, 0]
				},
				{
					"name": "torso",
					"parent": "body",
					"pivot": [0, 0, 0]
				},
				{
					"name": "head",
					"parent": "torso",
					"pivot": [0, 19, -9],
					"cubes": [
						{"origin": [-21.5, 19, -41], "size": [43, 19, 32], "inflate": 0.04, "uv": [362, 4]},
						{"origin": [-21.5, 14, -39], "size": [0, 5, 30], "inflate": 0.03, "pivot": [-21, 19, -9], "rotation": [-10, 0, 0], "uv": [108, -16], "mirror": true},
						{"origin": [21.5, 14, -39], "size": [0, 5, 30], "inflate": 0.03, "pivot": [21, 19, -9], "rotation": [-10, 0, 0], "uv": [107, -3]},
						{"origin": [-20.5, 14, -40.5], "size": [0, 5, 30], "uv": [51, 5]},
						{"origin": [-20.5, 14, -40.5], "size": [41, 5, 0], "uv": [45, 48]},
						{"origin": [20.5, 14, -40.5], "size": [0, 5, 30], "uv": [14, 12]}
					]
				},
				{
					"name": "eyes",
					"parent": "head",
					"pivot": [0, 20.25, -25.5]
				},
				{
					"name": "eye_right",
					"parent": "eyes",
					"pivot": [-21.5, 20.25, -25.5],
					"cubes": [
						{"origin": [-21.5, 19.25, -26.5], "size": [0, 2, 2], "inflate": 0.05, "uv": [4, -1]},
						{"origin": [-21.5, 19.75, -26], "size": [0, 1, 1], "inflate": 0.06, "uv": [2, -1]}
					]
				},
				{
					"name": "eyelid_right",
					"parent": "eye_right",
					"pivot": [-21.4, 20.25, -26],
					"cubes": [
						{"origin": [-21.4, 19.25, -27], "size": [1, 2, 3], "inflate": 0.07, "uv": [0, 12]}
					]
				},
				{
					"name": "eye_left",
					"parent": "eyes",
					"pivot": [21.5, 20.25, -25.5],
					"cubes": [
						{"origin": [21.5, 19.25, -26.5], "size": [0, 2, 2], "inflate": 0.05, "uv": [0, -1], "mirror": true},
						{"origin": [21.5, 19.75, -26], "size": [0, 1, 1], "inflate": 0.06, "uv": [0, -1], "mirror": true}
					]
				},
				{
					"name": "eyelid_left",
					"parent": "eye_left",
					"pivot": [21.4, 20.25, -26],
					"cubes": [
						{"origin": [20.4, 19.25, -27], "size": [1, 2, 3], "inflate": 0.07, "uv": [0, 7], "mirror": true}
					]
				},
				{
					"name": "lower_jaw",
					"parent": "head",
					"pivot": [0, 19, -7],
					"cubes": [
						{"origin": [-21.5, 0, -41], "size": [43, 19, 32], "inflate": 0.02, "uv": [159, 77]}
					]
				},
				{
					"name": "tongue",
					"parent": "lower_jaw",
					"pivot": [0, 19.5, -9],
					"rotation": [2.5, 0, 0],
					"cubes": [
						{"origin": [-15.5, 15.5, -36], "size": [31, 7, 27], "uv": [396, 58]}
					]
				},
				{
					"name": "torso_middle",
					"parent": "torso",
					"pivot": [0, 19, -10],
					"cubes": [
						{"origin": [-21.5, 0, -12], "size": [43, 38, 35], "inflate": 0.01, "uv": [0, 55]}
					]
				},
				{
					"name": "fin_right_front",
					"parent": "torso_middle",
					"pivot": [21.5, 17, 9.5],
					"cubes": [
						{"origin": [21.5, 17, 4], "size": [9, 0, 10], "uv": [366, 108]}
					]
				},
				{
					"name": "fin_right_front2",
					"parent": "fin_right_front",
					"pivot": [30.5, 17, 9],
					"cubes": [
						{"origin": [30.5, 17, 4], "size": [10, 0, 10], "uv": [365, 98]}
					]
				},
				{
					"name": "fin_left_front",
					"parent": "torso_middle",
					"pivot": [-21.5, 17, 9.5],
					"cubes": [
						{"origin": [-30.5, 17, 4], "size": [9, 0, 10], "uv": [438, 107]}
					]
				},
				{
					"name": "fin_left_front2",
					"parent": "fin_left_front",
					"pivot": [-30.5, 17, 9],
					"cubes": [
						{"origin": [-40.5, 17, 4], "size": [10, 0, 10], "uv": [437, 97]}
					]
				},
				{
					"name": "torso_back",
					"parent": "torso_middle",
					"pivot": [0, 19, 20],
					"cubes": [
						{"origin": [-21.5, 0, 20], "size": [43, 38, 35], "uv": [136, 0]}
					]
				},
				{
					"name": "fin_right_back",
					"parent": "torso_back",
					"pivot": [21.5, 17, 25.5],
					"cubes": [
						{"origin": [21.5, 17, 20], "size": [9, 0, 10], "uv": [388, 107]}
					]
				},
				{
					"name": "fin_right_back2",
					"parent": "fin_right_back",
					"pivot": [30.5, 17, 25],
					"cubes": [
						{"origin": [30.5, 17, 20], "size": [10, 0, 10], "uv": [388, 97]}
					]
				},
				{
					"name": "fin_left_back",
					"parent": "torso_back",
					"pivot": [-21.5, 17, 25.5],
					"cubes": [
						{"origin": [-30.5, 17, 20], "size": [9, 0, 10], "uv": [413, 107]}
					]
				},
				{
					"name": "fin_left_back2",
					"parent": "fin_left_back",
					"pivot": [-30.5, 17, 25],
					"cubes": [
						{"origin": [-40.5, 17, 20], "size": [10, 0, 10], "uv": [412, 97]}
					]
				},
				{
					"name": "tail_base",
					"parent": "torso_back",
					"pivot": [0, 31.5, 55],
					"rotation": [-30, 0, 0],
					"cubes": [
						{"origin": [-3, 31.5, 44], "size": [6, 18, 11], "inflate": 0.01, "uv": [478, 99]}
					]
				},
				{
					"name": "tail_base2",
					"parent": "tail_base",
					"pivot": [0, 49.5, 55],
					"rotation": [25, 0, 0],
					"cubes": [
						{"origin": [-3, 49.5, 45], "size": [6, 7, 10], "uv": [361, 68]}
					]
				},
				{
					"name": "tail_fin",
					"parent": "tail_base2",
					"pivot": [0, 54.5, 45],
					"rotation": [10, 0, 0],
					"cubes": [
						{"origin": [-9, 54.5, 45], "size": [18, 2, 15], "inflate": 0.02, "uv": [266, 12]}
					]
				},
				{
					"name": "tail_right",
					"parent": "tail_fin",
					"pivot": [-9, 55.5, 45],
					"rotation": [0, 30, 0],
					"cubes": [
						{"origin": [-25, 54.5, 45], "size": [16, 2, 13], "inflate": 0.01, "uv": [335, 14]},
						{"origin": [-32, 54.5, 47], "size": [7, 2, 11], "pivot": [-25, 55.5, 58], "rotation": [0, -32.5, 0], "uv": [323, 56]}
					]
				},
				{
					"name": "tail_left",
					"parent": "tail_fin",
					"pivot": [9, 55.5, 45],
					"rotation": [0, -30, 0],
					"cubes": [
						{"origin": [9, 54.5, 45], "size": [16, 2, 13], "inflate": 0.01, "uv": [300, 34]},
						{"origin": [25, 54.5, 47], "size": [7, 2, 11], "pivot": [25, 55.5, 58], "rotation": [0, 32.5, 0], "uv": [322, 72]}
					]
				},
				{
					"name": "white_fin_right",
					"parent": "torso_back",
					"pivot": [17.25, 7.5, 49.25],
					"rotation": [0, -40, 0],
					"cubes": [
						{"origin": [15.75, 7.5, 43.25], "size": [15, 0, 11], "uv": [313, 91], "mirror": true}
					]
				},
				{
					"name": "white_fin_left",
					"parent": "torso_back",
					"pivot": [-17.25, 7.5, 49.25],
					"rotation": [0, 40, 0],
					"cubes": [
						{"origin": [-30.75, 7.5, 43.25], "size": [15, 0, 11], "uv": [313, 103]}
					]
				}
			]
		}
	]
}